skill_id,0,1,2,3,4,5,6,7,8,9,10,11,12,13,14,15,16,17,18,19,20,21,22,23,24,25,26,27,28,29,30,31,32,33,34,35,36,37,38,39,40,41,42,43,44,45,46,47,48,49,50,51,52,53,54,55,56,57,58,59,60,61,62,63
1,-0.27859274,0.011946052,-0.5269847,-0.45541772,0.4463989,-0.50938094,-0.21500525,-0.04552038,-0.36301994,-0.44707432,-0.63082045,0.25191408,-0.18122943,-0.42074472,-0.46643394,-0.41807505,-0.763786,-0.27042896,-0.8711036,0.51584655,0.29160446,0.42660993,-0.13598347,1.2061143,0.8424772,0.22057238,-0.22073,-0.33887684,-0.12287851,0.035066366,-0.42188692,0.5587144,0.5154812,0.36681002,0.14238434,-0.047780916,-0.5760932,0.29868963,-0.043282017,-0.25286987,0.2587945,0.12333209,-0.17589429,0.14608756,0.13746333,0.4561131,0.3791849,0.51471674,-0.28613824,-0.80850613,-0.9467318,0.93944293,-0.5099926,-0.45224744,-1.2001419,-0.1339053,-0.0063936412,0.0568067,-0.48369926,-0.09982698,0.12263207,-0.50152385,0.16917515,0.21919708
2,-0.44247454,-0.07668568,-0.97064555,0.0960722,0.3722399,-0.3933538,-0.4045536,0.20920536,-0.0364627,0.29641762,-0.25389332,0.8990153,0.14156166,0.5953188,-0.09231511,-0.43728006,-0.3074916,-0.37348926,-0.9064598,-0.25022867,0.20578021,0.6623157,0.39143938,0.43808338,-0.4537362,-0.33788288,-0.3690138,0.018093333,-0.19094853,0.8023256,-0.0109478645,0.11858163,-0.067984715,0.42520183,0.24497354,-0.66932005,-0.06697379,0.2343844,0.5121137,0.3128417,0.092963345,0.088398874,-0.2827402,-0.16519006,-0.21811874,0.09371486,0.30249882,0.1944047,-0.09821054,-0.32980457,0.5308496,0.7345414,0.2732972,-0.52816224,-0.91420966,0.44826198,-0.19676064,-0.045586884,-0.39465266,0.23238356,-0.23886484,-0.06431469,-0.21409892,0.1088727
4,-0.14597768,0.44654045,-0.39335233,-0.41909343,0.5853028,0.51713043,0.036101438,0.0018134117,0.094240576,0.4825334,-0.08393686,0.2604928,-0.86675406,-0.04145889,-0.68402123,-0.96006703,0.17137152,-0.19694167,-1.0601931,-0.23259595,0.29162657,1.4152312,-0.16641617,0.6705834,-0.40726402,0.2660632,-0.3241021,-0.7224723,0.35602403,0.5979654,-0.10490658,-0.05997342,0.44177592,0.6055387,0.05823793,-0.0009843633,-0.41547093,-0.030359417,-0.38028413,0.027417898,0.15063265,0.78636384,0.21308464,-0.23293054,0.14264777,0.8277207,-0.83650696,-0.08810648,0.36699057,-0.36555964,-0.24056995,0.90578365,-0.26591793,-0.022599284,-0.9139216,0.5837075,-0.9918546,-0.28352672,-0.7406627,0.30400187,-0.5754504,0.6458389,-0.08343926,-0.46903878
5,0.2804965,0.32071084,-0.64694285,0.420707,0.564603,0.34425592,-0.5217701,0.0971248,-0.093915254,-0.18998703,-0.59017986,0.42017466,0.35717207,0.08709398,-0.1934098,-0.10029018,-0.48845696,0.06540719,-0.8065652,0.25807893,-0.119485795,0.39056283,0.515225,1.4720249,0.50210655,0.37125692,-0.17539826,-0.8687928,0.112581104,0.1857279,0.22916502,0.42578265,0.2278621,0.59875643,0.3924944,0.1308079,-0.43046477,1.0516688,0.24567136,-0.121932626,-0.33067566,0.26452628,0.028227359,0.40816864,0.42333743,0.35462248,-0.19748129,0.02388159,-0.250263,-0.12491508,0.19799379,1.1119804,-0.29267597,-0.06455551,-1.1170133,0.54143953,0.19885665,0.36029142,-0.11101164,0.25346696,-0.53023106,0.044311777,0.029147327,0.10615515
8,0.13198748,0.3076415,0.18087333,-0.33237302,0.82845056,-0.27776122,-0.092003144,-0.24635375,0.07315472,-0.26447624,-0.8599982,0.67648137,-0.8645717,-0.23713613,-0.4896954,-0.4927832,-0.25105542,-0.45505315,-0.8614183,0.23590127,0.13781641,1.3850785,0.074390054,1.1113108,0.3553862,0.24769297,-0.6086062,-0.02058436,0.0678674,0.08179706,-0.57083696,-0.35578102,0.27018315,0.5723609,-0.2201183,0.09396775,-0.20485608,0.41980383,-0.32002726,-0.44320855,-0.574754,0.32742983,-0.3825052,0.11416824,0.64722645,0.18766978,0.35631418,-0.045113496,0.18353531,-0.32827467,-0.12696461,0.7496319,0.5117996,-0.30576065,-1.2089388,0.19446845,0.082374774,-0.26821387,0.12888065,-0.10686561,-0.8099087,-0.08973668,0.1397419,-0.17568357
9,-0.25760078,0.54519403,-0.2017796,-0.403571,0.15464464,0.3746242,-0.14810868,0.011593878,-0.20433655,-0.18287796,-1.0130737,0.28711125,-0.32663333,0.074040405,-0.3946423,-0.41017836,-0.92204475,-0.35460994,-0.53901637,-0.045852095,0.19394526,0.92969716,0.37518382,0.8800023,0.0024936534,-0.09384018,0.012610983,-0.16722675,0.030862331,0.575042,-0.35374522,0.30692786,0.26316497,0.325493,0.36221927,0.23951918,0.24520427,0.88004625,-0.22978348,0.07643931,-0.0068997145,0.33107412,-0.4309718,-0.29581982,-0.3481659,0.5261143,0.14897837,-0.18569995,-0.5083661,-0.54204917,0.3663202,0.2628536,-0.21998514,-0.9496325,-0.71516657,0.25741115,0.08218572,-0.05757743,-0.34903982,0.2985445,-0.28733972,0.1892885,-0.17801845,-0.14610419
10,0.046336506,-0.07996446,-0.2085641,-0.2752301,0.16050404,0.25558484,0.029971927,0.2248927,0.14099541,-0.11939463,-0.52025646,0.2835036,-0.3358438,-0.5434757,-0.29976222,-0.027231008,-0.43847427,-0.044182517,-0.68758756,0.08401953,0.16006303,0.5742094,0.39220232,0.97947204,0.10662108,0.14268672,-0.5327797,-0.3363201,-0.11276795,0.17256637,-0.4010714,0.4172687,0.37750795,0.53305376,0.5456492,-0.050098404,0.03751248,0.36167732,-0.28706133,-0.19079699,-0.0700698,0.2447845,-0.24188733,-0.1613245,0.2314505,0.011273429,0.22882992,-0.009590611,-0.23336148,-0.41399133,-0.11596201,0.44447604,-0.30907184,-0.32835007,-0.9541354,0.6640804,0.11635687,0.05990739,-0.2978504,-0.029086754,-0.62747216,0.6198276,-0.67810696,0.16738303
11,0.06240031,-0.3500278,-0.35495955,-0.23377025,0.06803486,0.014033817,-0.2803773,0.020658195,-0.05079233,0.053841695,-0.54416025,0.4329151,-0.13760293,0.120786406,-0.22960716,-0.24612708,-0.3437971,-0.33001724,-0.6882371,0.08152789,0.27512857,0.46954045,0.073807575,0.71089906,0.33667028,-0.058976978,-0.11529498,-0.26605868,-0.025612622,-0.075985484,-0.58200824,0.0016118884,0.06570394,0.2348045,0.09911477,0.23861098,-0.5116712,0.5349131,0.11398518,-0.5136585,-0.100221746,-0.0064876396,-0.22386926,0.2518574,0.13344327,0.5602168,0.20486264,-0.080278486,-0.4720651,-0.38913193,-0.25212365,0.6849447,-0.24569279,-0.27880132,-0.67179257,0.1686739,0.29237717,-0.79105544,-0.22946213,-0.16865546,-0.040503547,-0.0737592,0.05166757,0.16654783
12,-0.09070643,0.19564936,-0.5169308,-0.370408,0.37693733,-0.07058334,-0.0947403,0.4471609,-0.11800605,0.308706,-0.5095216,0.5908637,-0.49291632,0.29532313,-0.3318404,-0.47744334,-0.1926106,0.22485583,-0.5916552,-0.252549,0.63925606,1.1523552,0.45085788,0.80589086,-0.6547489,-0.24535757,-0.115006715,-0.24468862,-0.12311903,0.16151473,-0.6784868,0.09559047,0.1231799,0.23270968,0.27470693,0.122577935,-0.37423927,-0.18127188,-0.08014864,-0.032578662,0.57843083,0.21444234,-0.54657567,0.018833265,0.09008738,0.0818395,0.09143518,-0.33737898,-0.6625166,-0.4513234,0.2095392,0.42501912,0.66506565,-0.31490904,-0.8945409,0.22785467,-0.19194481,-0.18026116,-0.33091602,0.10343185,-0.3611629,0.047382317,-0.25032327,0.6302278
13,-0.34173432,-0.43770635,-1.1892114,-0.70962656,0.22774218,-0.067884,-0.09534867,0.06003216,-0.073110454,0.05034882,-0.008503564,0.6895782,0.1489015,0.28654322,-0.3746915,0.03438102,-0.7502201,0.44871837,-0.5665965,-0.065502584,0.6077317,0.40248674,0.070162974,0.74822843,-0.19724998,0.39366758,-0.24623595,-0.18871541,0.14816113,0.3474437,0.010707259,-0.22225101,-0.10975899,0.5177721,0.06391556,-0.050794106,-0.1622912,0.21320108,0.0313568,0.4310171,-0.08173269,-0.048731968,-0.38632038,0.277328,-0.15728852,0.25178307,-0.029281572,-0.35995603,-0.040815905,-0.42913195,0.07312696,0.87826574,-0.040699955,-0.6158016,-0.42114854,0.19358566,0.020159764,-0.0033657327,0.017035902,0.26544344,0.015623808,-0.42405438,-0.14292794,0.41557735
15,0.027121536,0.3988342,-0.8412368,-0.40404254,-0.13565221,-0.03413801,-0.18184164,0.120587304,-0.54000354,-0.22875033,-0.1744888,0.21663457,-0.21488011,-0.118996926,-0.2193386,-0.50709826,-0.41256455,-0.19757575,-0.3136998,-0.3330357,0.10527543,0.9179874,-0.040328562,0.35150903,-0.08069286,-0.021541297,-0.57200587,-0.33712173,0.15072063,0.7153343,-0.06554194,-0.24673195,0.44003934,0.45213592,0.38958412,0.14180371,0.122625515,0.63286066,-0.13569847,0.2448568,-0.017147556,0.56833744,-0.36099556,-0.14944619,-0.49316698,0.57225215,-0.23203662,-0.38962084,0.008697808,-0.87361145,0.13263285,0.5048466,-0.18263334,-0.6962172,-0.6588677,0.41631496,0.046135977,-0.029127598,-0.21191248,0.15559569,-0.81897986,0.14550251,0.04657034,-0.18529767
16,0.09975478,-0.35827282,-1.1129235,-0.4035186,0.55705994,-0.10479744,-0.6968416,0.97136873,-0.043775003,-0.7506821,-0.09873825,0.8912357,0.5344576,0.33743697,-0.5938376,0.31286928,-0.91698515,-0.27237067,-1.7840679,0.052251905,0.021051228,0.5676193,0.13278401,1.9403011,0.45420182,0.17079647,-0.16998151,-0.008517429,0.11050734,0.2549261,-0.31378818,0.38046253,0.43618906,0.6334215,-0.35178316,0.19372006,-0.98845625,0.9993274,0.9882578,-0.31268823,-0.3261765,0.87622,0.11467773,0.22486702,0.3747054,-0.031635903,0.053205296,-0.24284732,-0.040480547,-0.110486194,-0.10464543,0.95060366,-0.94440633,-0.32746774,-0.7688388,-0.09763329,-0.6434053,0.16990244,-0.66569746,0.32710364,0.1989345,0.06799406,0.16898465,0.09039231
17,-0.2734564,-0.18790713,-0.9634977,0.027587637,0.6429912,0.3079019,-0.24312714,0.11089395,0.227202,0.15103178,0.06192846,0.83662605,0.1995981,0.28466806,-0.24756953,-0.032459877,-0.2338935,0.0933522,-0.7109854,-0.3701626,0.19681643,0.45259753,0.26706156,1.0373709,-0.29358232,0.1628211,-0.11770161,-0.64713514,-0.013745308,-0.047660604,-0.2139927,0.10770267,0.037100725,0.56974584,-0.13813317,-0.4479812,-0.54846036,0.128696,-0.14523213,0.036940835,-0.31434727,0.2754128,-0.34662902,0.4128004,0.0990104,0.1299704,-0.17702143,0.06615778,-0.29362288,-0.27634615,-0.11188601,0.9698736,0.11111863,-0.40011173,-0.79764766,0.8271646,-0.15273473,0.09153532,-0.48265684,0.1748986,-0.61302584,-0.6259278,-0.027106717,0.29298395
18,-0.019829772,-0.2604102,-0.39008206,0.099390104,0.65709704,0.31218883,0.03256038,-0.07815912,0.17060508,-0.2610221,-0.1345164,0.2810549,-0.42974436,-0.3367067,-0.10650594,0.010650061,-0.79346585,0.22702612,-0.77738094,-0.20758641,0.7236825,-0.08460775,0.18661879,1.0106146,0.21083583,-0.32601875,-0.22373742,-0.25211212,0.049010128,-0.307594,-0.21285525,0.18971434,-0.09622386,0.6917201,0.7501909,-0.23754519,-0.12512162,0.66529197,-0.28027534,-0.09863919,-0.20172623,-0.16403598,-0.4509399,0.5003957,0.11112778,0.24689922,0.13911638,-0.758937,-0.49771068,-0.84149957,-0.017108526,0.7371598,0.011855453,-0.6902094,-0.6924617,0.1882363,0.34550878,-0.020751977,-0.6689983,0.3908167,-0.42540464,-0.38510612,-0.2553497,0.23080148
21,0.045608014,-0.29686275,-0.40347964,-0.6646951,0.5764635,0.39440265,-0.35649022,0.45809042,0.09088626,-0.120842814,-0.5437444,0.87525636,0.06907874,-0.3738089,-0.86061,-0.30825204,-0.51746935,0.033783317,-0.76782274,0.19037487,-0.27753875,1.2423122,0.4053162,1.5521967,0.31115186,0.40119743,-0.04325524,-0.5315824,0.6213027,0.081652924,-0.95178086,1.032765,0.3797892,0.52683747,0.017305851,0.26680946,-0.50166804,0.6648537,-0.3415131,-0.17499349,0.035866685,-0.05127962,0.14774022,-0.13872391,-0.00715857,-0.01642812,0.48444045,0.07391737,-0.7337909,-0.17477494,0.042669103,0.3840289,-0.7799596,-0.46688354,-1.4236847,0.04457198,-0.108863115,-0.118303835,-0.08050774,-0.21425611,0.19300677,0.06853378,-0.86136806,-0.056015365
22,0.11964663,0.22917175,-0.39228696,-0.54883665,0.22146764,-0.008939266,0.031241208,0.5127406,0.06435865,0.23134185,-0.48382974,0.64239305,-0.23933978,0.29703933,-0.49517152,-0.3434924,-0.09470381,-0.20868494,-0.5754662,0.13931425,0.42954847,1.1180931,0.6235971,0.84685355,-0.24627236,-0.2300857,-0.55972517,-0.029803615,0.34807026,0.68053865,-0.77122283,-0.731683,0.3134883,0.8498936,0.36255142,0.032294817,0.068999454,0.62065715,0.054319516,0.29163086,-0.3593556,0.39613375,-0.07435286,0.37681115,-0.43823418,0.5537891,0.38738376,-0.18272986,-0.14691484,-0.08015043,-0.08753561,0.12668322,0.63997376,-0.8092649,-0.6503345,0.12538102,-0.001031816,-0.41575164,-0.16398928,-0.030263804,-0.86780065,-0.3180298,-0.6491776,-0.10796529
24,0.11413735,0.6269181,-0.60410666,-0.8663279,0.32857448,0.03325516,0.24430919,0.04379531,-0.07426906,0.25679117,-0.32182634,0.11273867,-0.38307637,-0.117911436,-0.222441,-0.58859265,-0.7146051,0.3959007,-0.7808628,0.2746234,0.06999171,0.85717845,0.20401245,0.5986022,0.39588374,0.4790366,-0.0286358,-0.36934903,0.24832076,0.7962245,-0.6236823,-0.37494054,-0.0014667064,0.15959209,0.11424793,-0.090802014,-0.039332084,0.9325856,-0.049817663,-0.1801977,-0.31850073,0.17329445,-0.09786564,-0.27472758,0.103374794,0.51254845,0.05905138,0.084489696,-0.082011946,-0.6932329,0.13032398,0.061192334,0.06944029,-0.26364827,-1.0014285,0.31642875,0.21418084,-0.019032901,-0.007911228,-0.11609413,-0.30505556,-0.22139996,-0.19440693,-0.36075878
25,-0.13212371,0.22473648,-0.03436026,-0.5038173,0.36783,0.21558334,-0.3949511,0.09506339,-0.123472385,-0.54588234,-0.72535366,0.8466946,-0.6985273,-0.039316326,-0.40691835,-0.58658624,-0.70835954,0.20706543,-0.4524147,-0.039923772,-0.049839396,0.96318805,-0.15330324,0.7685733,0.28183252,0.55299705,-0.33934152,-0.3330843,0.10650058,0.17223266,0.062693685,-0.0093087405,0.19792238,0.15966089,0.23868756,0.05882871,0.1242004,0.46338525,-0.35579854,-0.17695758,-0.22161657,0.22261225,-0.153631,0.36265782,-0.43491417,0.11192809,0.15257515,-0.13220303,-0.2653584,-0.7212984,0.12817444,0.45187145,-0.04907611,-0.27760535,-0.52692145,0.53288627,0.023622707,-0.1108253,0.020477638,0.34981346,-0.00023663789,-0.029393628,-0.07812691,0.23865737
26,0.14114243,-0.09420647,-0.3282478,-0.26528135,0.21664584,0.19822654,-0.066265896,0.47509667,0.15549126,-0.43362588,-0.40304404,0.45713305,-0.54309785,0.3471322,-0.11698927,0.22394206,-0.3181687,-0.07623381,-0.6463655,0.2966852,0.7032152,1.3007631,0.5859592,0.78903484,-0.068770714,0.50129384,0.11406888,-0.5855356,0.14279759,0.324247,-0.64494425,-0.10858763,-0.19093704,0.5832879,0.61860526,-0.06101744,-0.111917116,0.741469,-0.12761721,-0.080565885,-0.38723785,0.1466324,0.15521203,0.33650777,0.2740172,0.066768914,0.11907452,-0.070947915,-0.22271891,-0.77525854,0.14484972,0.54508066,0.6286473,-0.47707808,-1.0578629,0.10836159,0.051994666,-0.27343687,0.024269655,-0.15801029,-0.63646734,0.24342445,-0.5051969,0.0073036924
27,0.17551312,0.22768807,-0.8889005,0.113698766,0.22996,-0.24032676,-0.5640603,0.8864567,-0.38552678,0.09314242,-0.8745024,0.759386,0.22040898,-0.01747586,-0.78234196,-0.40066677,-0.35694855,-0.23050979,-1.2473595,-0.010331348,0.041779146,0.75617385,0.37797308,1.3269957,-0.24248871,-0.21060607,-0.4804412,-0.35358354,0.05148956,0.030953795,-0.38599455,-0.5163847,0.4542321,0.12160864,0.32178155,0.34410995,-0.4200228,0.2917186,0.22323059,-0.01519887,0.0807642,0.7389149,-0.88344127,-0.038038768,0.22172612,0.311542,0.09896195,-0.402256,-0.3306279,-0.33258712,0.16111293,1.2060058,0.050831243,0.18806511,-1.00644,0.13665934,-0.10228464,-0.108378224,-0.75426096,0.51192176,-0.28796986,-0.0294334,-0.10383606,0.26411808
32,-0.4307112,0.30153832,-0.1888935,-0.21245997,0.22098984,-0.0151388645,-0.35827598,0.0024605691,-0.13920544,-0.3055166,-0.50536966,0.30489707,-0.0017308518,-0.28124124,-0.05795063,-0.6984637,-0.8865247,-0.43069077,-0.7806639,0.15577188,-0.46285397,0.12156755,0.15406214,1.040433,0.5044676,0.03770069,-0.063903935,-0.8629283,-0.23549187,0.34179592,-0.29277688,0.58141285,0.023701344,0.6126871,0.7838783,-0.11368777,-0.6156377,0.30040017,-0.3752811,-0.450149,-0.18909794,-0.05547761,-0.19322936,0.37912476,0.06441864,0.5412943,0.28908703,-0.016423605,-0.3060383,-0.6753677,0.049117,0.1622549,-0.41333395,-0.14043602,-0.9479318,0.26195812,-0.43039727,-0.76783055,-0.5757703,-0.02064205,0.053965896,-0.37823373,0.14062786,0.059416346
34,-0.3289653,-0.07317587,-0.6730554,-0.2591213,0.7977103,-0.2831025,-0.4776634,0.50383955,-0.34327835,-0.30258662,-0.18127623,-0.0030786544,0.19914638,-0.032743096,-0.16767891,-0.62019426,-0.4070332,-0.6336839,-0.43220025,-0.10123438,0.3339149,0.4109248,0.6388469,0.5003196,0.20486094,0.2683367,-0.12741959,-0.57646954,0.22199917,0.6927333,0.21390313,-0.040614814,-0.010185856,0.7231884,-0.3322269,-0.1286457,-0.3702782,0.27425635,0.058482945,0.06311468,0.19770789,0.06733,-0.3703203,-0.16532198,-0.22092184,0.3640949,0.025572538,0.00279703,-0.106583446,-0.75220585,0.25589868,0.62030244,-0.0024700128,-0.58126515,-1.0601256,0.43961775,-0.085344315,-0.5568036,-0.26175883,0.6729802,-0.12874219,-0.24255937,-0.020889997,0.016014144
35,-0.41562268,0.5013313,-1.3944352,0.26464263,0.6075758,-0.17444113,-0.5781269,0.51644814,0.021597616,0.30446064,-0.26749247,0.72387135,0.358859,-0.23942365,-0.42302456,-0.597924,-0.59517145,-0.5429998,-0.8061526,-0.7061602,0.2052198,0.42975163,0.55418915,2.035012,0.019401073,-0.19474071,-0.7429806,-0.21694376,0.7323296,0.66929644,-0.1991841,0.3515876,0.68093795,0.8121585,-0.08522005,0.0032048225,-0.75686383,0.67545265,0.111808166,0.25530747,-0.18146095,0.4519503,-0.024835281,-0.20956752,0.3407721,0.57223505,-0.1935527,-0.45410448,-0.14468214,0.21713756,0.4623494,1.1882532,-0.3320312,-1.0184295,-0.86236435,0.98071396,-0.5627848,-0.6678022,-0.4268498,0.58529204,-0.41733012,0.46272215,-0.18210883,0.09760848
39,-0.41497308,-0.018147528,0.005155593,-0.06114456,0.52984554,0.44175678,-0.42208278,0.26207188,-0.112976424,0.20124394,-0.8020756,0.08952356,-0.2824067,-0.6976723,-0.3556002,-0.5591034,-0.789986,0.35000056,-0.887802,0.7060939,-0.16324976,0.10473215,0.6233445,1.7941763,0.48344734,0.023349136,-0.25455484,-0.43778107,-0.3270349,0.38428885,-0.39305925,0.5669596,0.31013638,0.89645255,0.66999686,-0.10244441,-0.46278927,0.50737846,-0.31610757,-0.21148926,-0.26123047,-0.13336897,-0.16454804,0.21710655,-0.35750842,0.52185416,0.024759471,-0.11133739,-0.04248642,-0.72025836,0.09843217,0.44205385,-0.6583744,-0.2525575,-0.9623949,0.13104114,0.26927996,-0.98063296,-0.489469,0.54161453,0.0028305948,-0.131415,-0.4897324,0.36616638
40,-0.004702367,0.08494866,0.0013777614,-0.80079925,0.3023957,0.2575616,-0.20901982,0.24440277,0.012754589,-0.25699002,-0.29680774,0.7326517,-0.1131549,-0.30188003,-0.13581777,-0.3128824,-0.69589835,0.07456796,-0.3970247,0.26421076,0.12531763,0.70735514,0.13239136,0.4036954,-0.15736666,-0.050123036,-0.036615632,-0.08788727,0.08521113,0.23589498,-0.2985387,-0.14087662,0.05684139,-0.0038123578,0.5742838,0.30876184,0.07301287,0.66773856,-0.14837351,-0.038332686,0.21031368,0.19521263,-0.7442758,-0.21977377,0.2605253,0.20101333,-0.15300217,-0.2892045,-0.7988987,-0.40314963,0.27851665,0.7427357,0.30835333,-0.6875069,-1.1108043,0.23134245,0.35344923,-0.5625162,-0.21146765,-0.06483486,-0.16834056,-0.18135472,-0.10957137,0.39726713
42,-0.51104546,-0.047179114,-0.35113272,-0.44212046,0.24317428,0.2383112,0.29566333,0.6317749,0.4639296,0.27767742,-0.53154576,0.32722956,-0.336752,-0.004514821,-0.5255235,0.079719216,-0.85611683,-0.34609473,-0.64365715,0.29397106,0.7306496,0.96464497,0.1713841,1.4386262,0.28356868,0.054643206,-0.34541562,-0.18262969,0.36586666,0.2664896,-0.2773698,0.037253916,0.32741493,0.54105455,0.18107404,-0.13870712,-0.43327516,0.32288146,0.35634935,-0.5098152,-0.06324823,0.05184059,-0.105477095,0.28917134,0.3635764,0.36543605,0.17536014,0.019147165,-0.5513643,-0.18447822,-0.27719945,0.5370628,-0.11764143,-0.8221495,-0.7376349,0.27570945,0.019501701,-0.026492424,0.0593343,0.2906177,-0.16888809,0.025322326,-0.3129562,0.07097076
43,-0.20055398,0.19981605,-0.6559805,-0.3687405,0.11518956,0.47000644,0.2114324,1.0187104,-0.09993157,0.07786678,-0.33357793,1.0167401,0.08919647,0.21196458,-0.030528046,0.17273574,-0.7630805,0.18767795,-0.39498752,0.48485178,0.20756432,0.50019336,0.14869355,0.92694587,0.4440927,-0.19455999,0.18953678,-0.29975125,-0.3760282,0.6433597,0.29684612,0.43717867,0.48066396,0.41681328,-0.083584026,0.06731135,0.08319608,0.28939182,0.5734186,-0.28724703,-0.80602753,0.8979525,0.46040827,0.5426005,0.9163796,0.0050629675,-0.60408497,-0.22100145,-1.40669,-0.40109345,-0.4367431,0.91409165,-0.5238072,-0.25774562,-0.48412275,0.3828797,-0.45595813,-0.37930545,-0.22044627,-0.27871227,0.017616034,-0.62530875,0.6744363,-0.11634779
46,-0.39374334,-0.25505078,-0.7558829,-0.32625064,0.28513604,0.3048764,-0.23493424,0.18453333,-0.40678313,-0.52337563,-0.114324026,-0.071567,0.0565575,-0.08027043,-0.22183087,-0.042251498,-0.71117675,0.04716307,-0.96731335,0.11757143,0.2960582,0.415837,-0.035027564,1.204495,0.041463714,0.54668057,0.038750865,-0.85326684,0.36409357,0.25453082,0.35939014,0.0668926,0.44453287,0.6157915,0.5553561,-0.08003843,0.10479637,0.4205873,-0.103046685,0.33451247,0.15939778,0.23210907,0.2427678,0.6472478,-0.034865454,0.30856943,-0.15573281,-0.19917455,0.20488994,-0.13434044,-0.04352622,1.2737836,-0.7034243,-0.23577783,-0.50734633,-0.003988996,-0.3208423,0.17774254,-0.74660635,0.3162689,0.016109347,0.11047432,-0.35609043,-0.11167295
47,-0.049744576,0.09150946,-0.69618785,0.09731518,0.4689393,-0.033331215,-0.52758634,0.010204107,0.057100385,-0.10430005,-0.10264354,0.81313896,0.102931246,-0.12651744,0.20818514,-0.37932417,-1.0188581,0.26732838,-0.8147726,-0.04404387,0.09568825,0.5377661,0.6920538,0.905739,0.060891002,-0.3307396,0.44349223,-0.1278896,-0.3995329,0.46874815,0.20997119,-0.09250507,0.09864208,0.1452453,0.63366115,-0.2420094,0.02884598,0.69471,0.17792523,-0.20094496,-0.43394372,0.4700191,0.123350516,0.3447477,0.0943806,0.25829136,0.068713486,0.2746312,-0.34355578,-0.717721,0.1259264,0.29555625,0.38853243,-0.3013669,-0.63590467,0.39813483,-0.44075525,0.25219157,-0.94660723,0.05247455,-0.2858643,0.1704709,-0.10095337,0.6702164
48,-0.21716851,0.06204468,-0.49623543,-0.5680481,0.3127389,-0.0018799007,-0.22398525,0.5793057,-0.26000926,-0.43124706,-0.5530546,0.33001503,-0.405338,-0.04240898,-0.16264305,-0.42162848,-0.412999,-0.3169623,-0.40303215,-0.33664364,-0.2124563,0.82899284,0.29356,0.32882455,0.11874591,0.20183334,-0.6530473,-0.20285183,0.22169805,0.5042412,-0.80510485,0.30195594,-0.062060624,0.5474193,0.261101,-0.63506365,-0.102784395,0.7955768,-0.13743547,-0.3046099,-0.09056571,-0.41348734,-0.38722792,-0.06025299,-0.42564398,0.39028987,0.018320248,-0.16637282,-0.27499592,-0.6874566,-0.099137686,0.21608666,-0.11786572,0.13622496,-1.1101453,0.4054492,-0.28500405,-0.32251257,0.07994887,-0.057286136,-0.20455739,-0.356392,-0.26651683,-0.09454817
49,-0.30626884,-0.06020426,-0.6217648,-0.5440415,0.74142843,-0.49642527,0.12305075,0.3163679,-0.13321644,0.27308726,-0.66518056,0.38425228,-0.5276684,-0.12627704,-0.4482517,0.038944963,-0.68517166,-0.0855037,-1.0119907,-0.2797404,0.14419249,0.65195405,0.14769456,1.1312498,0.10539988,-0.5774641,-0.9466794,-0.16203581,0.15662742,0.86284995,-0.021226794,-0.073925465,0.37580135,0.545516,0.62079656,0.029184848,-0.38264683,0.7907612,0.37921524,-0.4495812,-0.8939744,0.48378053,0.051219165,-0.12565896,0.36071032,0.5931126,0.16585022,0.38615954,0.139631,-0.10988683,-0.46788722,0.88600874,-0.7112029,-0.13032246,-1.0179591,0.044361524,0.09942158,0.23838803,-0.47914365,0.117803775,-0.7610011,-0.21206564,-0.430822,0.11167133
50,-0.12033487,0.51045454,-0.5633341,-0.96532834,-0.05515442,0.58834064,0.16024303,-0.037788168,-0.017294556,0.034448132,-0.46127826,0.34939903,-0.8251978,-0.77550167,-0.61986536,-0.0373196,-0.42098182,0.25367963,-0.6787488,0.5884316,0.5017677,0.7593866,-0.20652983,0.88355243,0.374286,0.2963543,-0.4063903,-0.20787534,-0.01679203,0.24536812,-0.32262516,-0.017633945,0.64359915,0.41228563,0.28573745,0.098873824,-0.08462242,0.0028490424,-0.12698464,0.056570053,-0.6126882,0.17752853,-0.108306795,0.22695595,-0.32330692,0.69366825,-0.3052478,-0.17232493,-0.1438742,-0.3158452,-0.25704482,0.044321,-0.47616887,-0.3288859,-0.53970945,-0.01917623,-0.20784551,-0.32659152,-0.13811019,0.05025223,-0.80654025,0.35563305,-0.45889425,-0.082541674
51,-0.6320466,-0.6174598,-0.49714553,-0.56049657,0.6047542,0.4162776,0.056721568,0.18275285,-0.18387029,-0.36560088,-0.4945932,1.034107,-0.18231644,-0.12032394,-0.25297463,0.34862244,-0.8588818,-0.19763824,-0.6447463,0.53500533,0.3993857,0.30827036,-0.156055,0.8159083,-0.29897702,0.49575433,-0.81328034,-0.37695882,-0.46495157,-0.17900243,-0.24707437,0.019703388,0.136893,0.5936007,0.6611669,0.023288138,-0.22044688,0.11518503,-0.032812268,-0.64033055,-0.18470104,-0.07142203,-0.4313543,0.4138816,-0.45270556,0.5268716,0.10602243,-0.42945564,-0.6667394,-0.37685934,0.26006362,0.78452235,0.066794276,0.44243792,-0.90063155,0.11977984,-0.17997941,-0.49743617,-0.6110532,0.5522299,0.04230331,-0.7030735,0.16037357,0.3648477
54,0.11402917,-0.09719506,-0.62925434,-0.079745114,0.6350325,-0.27459055,0.11415801,0.38547996,-0.10213098,-0.71292317,-0.5893032,0.29710078,-0.42655826,-0.08424127,-0.6375807,-0.055048186,-0.8522846,0.09348653,-1.1913643,-0.15329283,0.99732476,0.8611793,-0.032902345,1.0905457,0.078449205,0.3912186,-0.40141878,-0.18503,0.34705618,0.24852689,-0.27447262,-0.1377032,0.10773213,0.85372955,0.5317663,-0.023486108,-0.025048494,1.1530433,0.47809845,-0.22895889,-0.15461184,0.32222694,0.02642399,0.31215546,-0.0054427087,0.31717134,-0.13634174,-0.30878526,0.4120099,-0.41321388,-0.17062423,0.8473981,-0.63669395,-0.5383977,-0.9094243,0.05448033,-0.08862044,0.4185928,0.2440483,-0.106994994,-0.097485006,-0.044033155,0.33067757,-0.54767865
58,-0.541459,0.66679573,-0.846777,-0.37005958,0.5361239,-0.28208685,0.28103507,-0.421761,-0.43699366,-0.27011928,-0.82837903,-0.27600828,-0.6431092,-0.73574895,-0.614347,-0.57845783,-1.001592,0.33965665,-1.0368547,0.18569906,0.14050074,0.5349952,-0.1140866,0.7727991,0.2083985,-0.02599606,-0.07093388,-0.9267848,-0.17646387,0.4180927,0.008067131,0.23117167,-0.13514638,1.0126339,0.61612827,-0.47591782,-0.46869773,-0.37431282,0.08404839,-0.090427786,-0.1847368,0.43543786,-0.04349056,0.31636038,0.10808346,0.8050868,0.68337315,0.252315,0.7933453,-0.5978924,-0.51794827,0.3816355,-0.8629126,-0.33648354,-0.6831384,-0.47896364,-0.21874757,-0.44592863,-0.8639232,0.15989444,0.25510925,0.2991486,-0.2283656,-0.21051893
61,0.284596,0.13122326,-0.396922,-0.39350235,0.43958497,0.183035,0.06375356,0.44881734,-0.32645872,-0.27608764,-0.1340435,0.6201457,-0.28674147,-0.10111499,0.07987529,-0.2147322,-0.59380275,0.38966906,-0.8790572,0.06883606,0.3253651,0.40069598,0.45412087,1.523334,0.123489425,-0.030614674,-0.46596235,-0.40482882,0.044204578,-0.08787404,-0.3769796,-0.12616651,0.14608833,0.55835176,0.43979555,-0.08047451,-0.40485722,1.1718321,0.47812307,-0.28609955,-0.34730524,0.08632801,-0.48112556,0.15641087,-0.0174267,0.67309034,-0.56915283,-0.120452814,0.06590308,-0.5578699,-0.23255512,0.68697053,-0.05664316,-0.5043558,-0.48778862,0.18723935,0.40227112,-0.41045544,-0.3462816,0.23316295,-0.45748463,0.3180094,-0.122980095,0.30946314
63,0.66702634,0.47951815,-0.17765999,0.35115322,0.0527768,-0.121968105,0.17813586,0.49204412,-0.43589407,-0.6517874,-0.53192717,0.6866527,0.78001046,-0.08929553,-0.45216072,-0.5091114,-0.7497123,-0.18708903,-0.7217185,0.18465342,0.33083028,1.0588908,0.39628217,0.71287197,0.26336557,0.9457389,-0.0461417,-0.5061754,0.17485926,0.4617197,-0.47737813,-0.3618785,0.78201056,0.84765005,0.48533687,0.26110423,-0.14768285,1.156651,-0.3133256,0.033419505,-0.61066717,0.72332746,-0.1363177,0.392452,-0.0037315786,0.41396362,-0.053743422,-0.44204277,0.22968438,-0.8180136,0.02115719,0.76680887,0.040262595,-0.72145486,-0.52197105,-0.15912458,0.017429747,-0.3423308,0.009955183,-0.3558686,-0.50075734,-0.1059562,-0.12570396,-0.62063795
65,-0.038318187,-0.44464332,-0.1901664,0.09209716,0.57480204,-0.17990898,-0.9534335,0.19849305,-0.27298194,-0.16037568,-1.0737832,0.6644864,-0.39343235,0.0021325275,-0.102918535,-0.8500909,-0.9983032,-0.77462286,-1.4666959,0.18982926,0.0775837,0.8642271,0.1358186,0.89467263,0.64690495,0.42390847,-0.86264944,0.18286647,-0.03449455,0.80061364,-0.096509025,0.50337636,-0.15748681,0.54526675,0.7021778,-0.18034278,-0.6666406,0.702162,0.16703758,-0.06601672,0.15244007,0.0936254,0.042977784,-0.17819287,-0.21369305,0.42371163,0.23450083,0.21639001,-0.027453676,-0.43265176,-0.6498554,1.0959942,0.42988393,-0.123103365,-1.4167182,0.2658858,-0.13707119,0.023185909,-0.5988597,0.0764758,0.48240364,-0.38706365,0.053800017,-0.36055344
67,-0.17525417,0.2503079,-0.7008574,-0.5107752,-0.07252419,0.11817618,-0.13503277,-0.29285932,0.035386264,0.022211015,-0.21989623,0.29953977,-0.2797287,0.008702278,-0.32866883,-0.2504235,-0.06469993,-0.093138844,-0.59524214,0.44174975,0.234852,0.9668919,-0.15279141,0.47873366,0.04134145,0.25410175,-0.44685924,-0.66907465,0.18434392,0.104751885,-0.6679468,-0.09642534,0.02912977,0.121004656,0.42330873,0.13187039,-0.2858175,0.51190805,0.27104115,-0.24443989,-0.14038812,0.013882913,-0.1460403,0.2678888,0.23808874,0.7324646,-0.08233249,-0.019620847,-0.29904637,-0.70722747,0.34416538,0.68487895,-0.2985547,-0.44380775,-1.042617,0.12872498,-0.017859265,-0.50109786,0.121083945,-0.0564572,-0.5728148,0.0922757,-0.10091512,0.30300313
70,-0.013095625,0.17073677,-0.72910875,-0.22819692,0.17344719,-0.5020904,0.095867455,0.39227265,-0.47705162,-0.30476978,-0.8079376,0.40360788,-0.5222228,-0.06514307,-0.7266902,-0.38282675,-0.59986335,0.09055598,-0.68958426,0.16545773,0.32911745,1.107345,-0.105065405,0.76352465,-0.124071434,0.24052186,0.28524852,-0.42177907,0.39178878,0.13440259,-0.03443329,0.006450381,0.078325465,0.28788075,0.56673086,0.029379934,-0.38405144,0.19433811,0.023011968,-0.35166255,0.30255392,0.22959591,-0.22717658,-0.24637935,0.19589972,0.77662855,-0.04775268,-0.49206024,-0.33561188,-0.65600896,0.26390523,0.6564232,-0.22862405,-0.476332,-0.61369026,0.103187665,-0.3045568,-0.28356805,-0.3951718,0.12139171,0.37900752,-0.4638107,0.32301596,0.211546
74,-0.4833672,-0.8773527,-0.77400374,-0.07412118,0.32831234,-0.16099903,-0.3125206,0.15411165,-0.16213465,-0.16933903,-0.25155583,0.43891394,0.34777132,-0.2881549,-0.69813967,0.036006153,-0.8877723,0.020602107,-0.5132587,0.068033814,0.4017665,0.33903024,0.075321496,0.92618513,-0.08697121,0.10963833,-0.61006045,-0.23184091,0.2811676,0.7520734,-0.04995671,-0.41113004,0.14767286,0.5621721,0.1966238,-0.0768996,0.08803934,0.5845196,0.08460477,-0.07635501,-0.40638548,0.15773962,-0.2736552,0.2787533,0.009607084,0.17123276,0.12672421,-0.13695967,-0.125216,-0.5008873,-0.066170454,0.58448684,-0.4056211,-0.86402243,-0.22227874,0.1453981,-0.32402998,0.24636798,-0.26658767,0.30865192,0.15313317,-0.3248124,-0.37705678,0.39369422
75,0.48217335,0.16369396,0.37573174,0.0002912283,0.17154914,-0.30284202,-0.020395763,-0.2814635,-0.52161914,-0.30548024,-0.587467,0.13402927,-0.57755876,-0.060419984,-0.25713876,-0.52784866,-0.12915055,-0.051194146,-0.97468,0.56532425,0.10352821,1.0323083,0.5268084,1.3306156,0.2292327,0.08040506,-0.63600004,-0.8064577,0.0034892336,-0.4949209,-0.8202514,0.024223998,0.654688,0.650164,0.53898036,0.15328,-0.023388118,1.0656662,-0.063571155,-1.0198851,-0.049587153,0.011585116,-0.097275704,0.088436596,-0.07727873,0.38296282,0.24362275,-0.19240114,-0.21417075,-0.8159143,0.010540307,1.0186428,-0.28299555,-0.13400845,-1.4014436,0.345525,0.32815498,-0.19489102,-0.05373858,-0.26445353,-0.21129408,-0.34565493,0.18979076,0.19263121
77,-0.6170018,-0.14553781,-0.21913105,-0.47087264,0.13835855,-0.01287459,-0.35013932,0.32633996,0.12985766,-0.1886953,-0.5854605,-0.16031176,-0.04886283,-0.21994603,-0.3097251,-0.4712289,-0.95346284,-0.77929646,-0.5372932,0.06232491,0.06275831,0.43777543,-0.08953023,1.642612,0.20136258,-0.024817184,-0.154529,-0.661253,-0.386019,0.2626749,-0.61471915,0.04036349,0.3219611,0.251671,-0.052935407,0.22145808,-0.4373197,0.25985986,0.37855434,-0.4241594,0.2928239,0.19812882,-0.3527024,0.24463353,0.42116964,0.5199778,-0.20452063,-0.4537809,-0.18424393,-0.8268527,-0.14552811,0.36576813,-0.55242217,-0.79527646,-0.42960417,0.5503318,-0.105550274,-0.16667113,-0.62878585,0.50159514,-0.049042746,0.21627113,0.05135435,0.110301614
79,-0.20159394,-0.051831566,-0.615694,-0.32788867,0.23748994,0.19909124,0.27397737,0.5781822,-0.15418386,0.050465137,0.18395495,0.6095431,-0.2062294,0.06378503,-0.00812009,0.42874816,-0.521549,-0.27369758,-0.5283354,0.29537505,0.39403668,0.19426903,0.49955624,0.43583816,-0.14284246,0.06664075,-0.34093142,-0.3824761,0.051972866,0.4876926,-0.18172304,0.087173246,0.22276182,0.7914543,0.22136167,-0.24297997,-0.49495476,0.22662526,0.35593933,-0.040816642,-0.5471383,0.029772758,-0.27580976,0.123654544,-0.30138168,0.4368243,-0.016718954,-0.29563868,-0.75201327,-0.5015905,0.16565093,0.4658288,-0.05736585,-0.17894614,-0.2534476,0.044686683,-0.10324766,-0.38551944,0.05909983,0.36116564,-0.32276344,0.043594994,-0.18234102,0.23560509
80,0.35569593,-0.026767418,-0.62566406,-0.045787215,0.5456208,0.039439127,-0.42877313,0.36301428,-0.10663403,-0.04303302,-0.15289544,0.13179295,0.063042715,0.5652667,-0.14420876,-0.004937127,-0.7811066,-0.012942255,-0.9538243,0.23965763,-0.31125307,0.956167,0.022583298,1.0031452,0.39495352,0.748362,-0.15498728,-0.41992378,0.09800911,0.1261564,-0.006627351,-0.15502799,0.3771945,0.43208575,0.62210697,0.15137367,-0.4939534,0.8004963,0.52689135,0.044674993,-0.44700336,0.48283416,0.35366434,0.5783538,0.3011984,0.60044426,-0.06711474,0.31811255,-0.3173157,-0.6394199,-0.36913648,0.6683013,-0.5108998,-0.66893965,-0.69963074,-0.090966895,0.072975546,0.35942626,-0.7892109,-0.09300208,-0.4307748,-9.688735e-05,-0.1605674,-0.18726537
81,-0.02980426,-0.14335898,-0.90250504,-0.5849479,0.38704723,-0.20571662,-0.49063197,0.33087143,-0.22441486,-0.5637323,-0.62233996,0.07992216,0.1428939,0.21023759,-0.43022513,-0.5620284,-0.94358915,-0.6625859,-0.7449937,-0.08095279,0.39021495,0.21782723,-0.21224505,0.8963444,0.5118984,0.0121474415,-0.4619192,-0.35057127,0.13777903,1.0264153,0.25272918,0.07484186,0.20580184,0.446053,0.14187436,-0.036975272,-0.26779744,0.801167,1.0899458,0.15049712,0.29212618,0.23339534,-0.63119304,0.3043616,0.13283521,0.68637687,-0.13631508,-0.22056839,0.6072984,-0.2344912,0.01932767,0.88530767,-0.23035496,-0.81994194,-0.35852945,0.5758523,-0.17036645,-0.00054480135,-0.7722976,0.6788236,-0.223898,0.63782036,0.31544143,-0.50100446
82,-0.31442273,0.5903168,-0.5177446,-1.1114612,0.29772714,0.24852316,0.124198236,-0.010771468,-0.48530656,0.13222775,-0.92565036,0.24885169,-0.72720563,-0.23126534,-0.35673982,-1.0319524,-0.19639689,-0.14565983,-0.7464021,0.43398225,0.0748342,1.0424988,0.055615038,1.1733775,-0.14706513,0.1539199,-0.50827086,-0.98829263,0.27274224,0.831494,-0.4261077,-0.04283023,0.5295127,0.5848713,0.8601494,0.36014622,-0.0294711,0.18537347,-0.23397249,-0.19381326,-0.18091436,0.04019793,-0.034260213,-0.150356,-0.5737543,1.1316376,0.48189744,-0.19675937,0.057083845,-0.5656544,0.20254183,0.07981484,-0.36047065,-0.65541,-0.9283931,0.12321228,-0.15430385,-0.33063674,-0.55830944,-0.035925813,-0.18254067,0.15550736,-0.7132317,-0.13635108
83,-0.07691566,0.11281831,-0.33051553,0.5664399,0.848732,0.07722854,-0.13978145,-0.29653937,0.07352399,0.0894288,-0.8332049,-0.20137908,-0.105164975,0.2311539,-0.42763472,-0.1313072,-0.29463702,0.016747326,-0.8160077,0.026496917,0.49403834,0.45347774,0.5466318,1.1435597,-0.046930872,0.28091508,-0.2502477,-0.8921429,0.26013872,0.025900261,-0.26136237,-0.16421716,-0.3078211,0.5057172,0.2418084,0.26236522,-0.19333692,0.3590935,-0.17539766,0.12358636,-0.13102904,0.16808528,-0.31439117,0.16868594,0.22648971,0.52097195,0.095440626,-0.311895,-0.37233135,-0.5133308,0.3927104,0.68601346,0.07695532,-0.15769969,-0.9709639,0.61480045,0.10362211,-0.44753245,-0.084012315,0.19522122,-0.4148383,-0.04468298,0.013685495,0.38022405
84,0.024388328,0.28245354,-0.19097964,-0.7795562,0.75930667,-0.09000048,0.18997118,-0.26582876,-0.30620605,-0.23000635,-0.085411996,0.031722166,-0.6786588,-0.020820253,-0.17399184,-0.87829727,-0.12616715,-0.17887804,-0.9713458,0.2874334,-0.10580304,0.6919795,0.053339288,0.7900841,0.48202693,0.14512137,-0.46010256,-0.6057724,-0.121068,0.09021181,-0.47872788,0.25102162,0.054792006,0.5835485,0.19501616,-0.15993337,-0.303251,0.69843185,-0.02405595,-0.512745,0.08707798,-0.06897986,-0.20761262,0.24652013,0.20538081,0.51602906,0.27967831,0.16912273,-0.0039182752,-0.4528617,-0.23657395,0.027006164,-0.5419368,-0.40657142,-0.70165,-0.07400819,-0.028400786,-0.2687421,-0.36880547,0.0065889284,-0.46122578,-0.15047368,-0.027840286,-0.09487509
85,0.13319325,-0.057744913,-0.64188164,-0.53970903,0.44731957,0.32477933,-0.04897611,0.21376032,-0.06642681,-0.5943613,0.11806986,0.6634214,-0.028821928,0.016827399,0.27382237,0.13790338,-1.1145213,0.6097917,-0.80800486,0.25605044,-0.27903283,0.2728165,-0.18357491,1.0239983,0.19186744,0.6840021,-0.6098372,-0.74365723,-0.23692739,0.24299967,0.23458686,0.30705267,0.53489435,1.0046012,0.5074862,-0.16287094,-0.21240081,0.29615396,0.08934678,-0.00152646,-0.8733898,-0.0900234,0.12617484,0.67980564,-0.63651896,0.6089004,0.4056896,0.05629634,-0.2173087,-0.9189337,-0.05332892,0.8504919,0.808018,-0.10652834,-0.543458,0.44461977,0.36839044,0.16245967,-0.18755096,0.5305324,0.24423032,-0.6208453,-0.5120538,0.05656454
86,0.11846607,0.16649362,-0.8818483,-0.58415526,-0.16746666,0.33336937,-0.076439664,0.09737037,-0.34596163,-0.9077319,-0.10786235,0.40765053,0.0002444703,-0.49493754,-0.409126,0.11772004,-0.92233586,0.055087924,-0.8830158,-0.01886623,-0.0051028132,0.5728078,-0.173946,1.2420967,0.55701387,0.19176441,-0.38715008,-0.80077314,0.025699317,-0.1493177,-0.46044582,0.55138254,0.6000155,0.62165505,0.4991107,0.18305156,0.3177355,0.26064166,0.1238531,0.23545825,-0.17901751,-0.026047215,-0.2647454,0.41072854,-0.53039634,0.2757709,0.06908792,-0.34151745,-0.41091505,-0.8707493,0.47727558,0.634463,-0.5054911,-0.24653174,-0.61020833,0.030709162,-0.051064327,-0.08465028,-0.3288917,0.09726629,-0.37193185,0.24893832,-0.67779505,0.11758289
92,-0.005645275,-0.14792278,-0.9499101,0.019257605,0.3569196,0.15757948,-0.9992416,0.15277863,-0.095542066,-0.54973114,-0.2894342,0.87620527,0.2457422,0.19873829,-0.23508748,-0.40407264,-0.3155818,-0.12495714,-1.0565853,-0.49545082,0.376685,0.70825607,0.33420494,0.7579583,-0.0023023784,-0.1538502,-0.2268993,-0.23404773,0.3268673,0.2110898,-0.31665725,0.13592625,0.09662813,0.4079406,0.018130366,-0.33828557,-0.19849572,0.18316045,0.14666314,0.40082657,-0.46601737,0.12136291,-0.50133646,0.38607216,-0.43373364,-0.35972917,0.09828986,-0.012154698,-0.25950563,-0.5014303,0.4532619,0.986734,0.33172256,-0.7350275,-0.63749325,0.0077141672,-0.22270954,0.24778418,-0.22934717,0.17625451,-0.13728829,-0.27643,-0.28716347,0.4464422
110,0.0519841,-0.17772871,-0.066562355,-0.15565777,0.45230463,0.39246482,-0.13191432,0.09392099,0.25255835,-0.69326174,-0.6588274,0.47811633,-0.12668832,-0.25989726,-0.49041927,-0.49781716,-0.92141557,-0.032473903,-1.3281353,0.79074425,0.7605344,1.2274933,-0.21243456,1.2330643,0.45020398,0.75537586,0.17343569,0.060877606,-0.5831773,0.35455596,-0.8048782,0.26782554,0.29536468,0.30092967,0.86943877,0.285518,-0.30897123,0.8044491,-0.1316435,-0.22384638,0.10987,0.40034035,0.27107686,0.55449235,0.79046047,-0.09125982,0.21516937,-0.098085,0.22493543,-0.65560704,-0.46877295,0.40622127,-0.026410248,-0.5488112,-0.7761525,0.016059987,-0.0008491725,0.6411511,-0.3912087,-0.24090743,-0.33387023,0.23768142,-0.19835559,-0.06249862
163,-0.17101434,0.048133656,-0.747274,-0.09536165,0.14826609,-0.124015495,0.17549753,0.12569898,0.0036789328,-0.076486945,-0.1826626,0.4206751,-0.061028928,0.24122605,0.053549677,0.28964764,-0.6854965,-0.19056083,-0.6460284,0.1343931,0.4083407,0.76163226,0.06804274,0.5143573,0.33303294,-0.020591222,-0.008555237,-0.38800278,-0.28971925,0.37213874,-0.4753431,0.62188655,-0.26820058,0.34190607,0.57004195,-0.48841542,-0.49266544,0.38151398,0.1950114,-0.04166946,0.16969985,0.1660316,-0.008911759,0.23042244,0.3703097,0.4168752,0.02889052,-0.18053135,-0.7421937,-0.55607796,-0.078904256,0.7933173,0.06651774,-0.47678798,-0.92963463,-0.010170594,-0.12769355,-0.09996237,-0.29030272,0.39776564,-0.028605908,-0.008808315,0.15602317,-0.008292854
165,-0.10442399,-0.13971743,-0.5616491,0.55631256,0.46234298,-0.045740575,-0.39844698,0.18148771,0.2708714,-0.27327138,-0.6413823,0.5653418,0.6082828,0.35288775,-0.49954924,-0.3808289,-0.5337084,0.028464332,-1.28043,-0.50134444,0.11392757,0.41153356,0.06413305,0.8231245,0.124034986,-0.30779126,-0.36622423,-0.34764624,-0.10568389,0.5375885,-0.19590539,0.32185465,-0.026907068,0.41492987,0.24590807,-0.2977974,-0.024518054,0.6257485,0.47548133,0.0956174,-0.56849575,0.39693505,-0.48055005,0.6475613,0.33783796,-0.45420843,0.37371725,0.5817031,-0.115528375,-0.36015096,0.16198674,0.9745302,0.52550405,-0.35090476,-1.3533255,0.20893614,-0.49873886,0.29767132,-0.09188507,0.124806635,-0.4203511,0.16206655,-0.62629455,0.41733184
166,-0.25347102,0.2311368,-1.0367913,0.13359597,1.2308873,-0.38856578,-0.28307003,0.6275915,0.12973818,-0.23251367,-0.8139491,0.6066874,-0.079829335,1.0889844,-0.4678247,-0.0047521554,-0.20935726,0.17329903,-0.962295,-0.024482802,0.016581237,1.2091918,0.27967528,0.82570714,-0.33709076,0.26874435,0.036376446,-0.6232856,0.3916502,0.6147794,-0.28855434,-0.076561525,0.18318497,0.58898276,0.32587606,0.08744817,-0.3496248,0.64965504,0.17209056,-0.5023701,-0.040282477,0.26670933,-0.13893345,-0.10956322,0.23727581,0.28952602,0.39745414,0.39970928,-0.58282757,-0.32542843,0.111137025,0.19802529,-0.11610546,-0.58612525,-1.0362481,0.5581069,0.12156293,0.6588822,-0.27784717,0.06366724,-0.0928905,-0.4832719,0.08200145,-0.03313458
173,-0.33921582,0.50020903,0.3007132,-0.48797333,0.76842064,-0.20912644,0.033823617,0.17398049,-0.43512332,-1.0449716,-0.734726,0.37877572,-1.1172833,-0.38621235,0.15453848,-1.494292,-0.5667719,-0.19945869,-0.6607172,-0.44428048,0.69102454,1.1278989,0.047707997,0.34278432,0.6576243,0.3623976,-0.69803005,-0.69989306,0.1648345,0.2323972,0.06705934,-0.19170779,-0.300054,0.3485822,0.26593143,0.13669792,-0.46892095,1.1010215,0.03132777,-0.043071598,0.2063396,0.60010964,-0.4568125,-0.04823605,0.07615248,0.8369857,-0.16669267,-0.41265845,-0.3527535,-1.1126837,-0.090567715,0.2589512,0.6037502,-0.5122906,-1.3509276,0.40262878,-0.12344539,-0.64602184,0.14799637,0.46907723,-0.041258335,-0.38961017,-0.010460883,0.04774698
203,0.29317233,0.041290134,0.0794501,0.7185702,0.94119847,-0.08825272,-0.055785432,-0.011403382,-0.033857495,-0.4031804,-0.43206465,0.52432454,0.21746106,0.17017052,-0.48155817,-0.53292924,-0.30587956,-0.6012716,-0.9070444,-0.29762357,0.03375408,0.7736571,0.44580528,0.7204083,0.426274,-0.47596475,-0.50751483,-0.5896795,0.07847503,-0.3721319,-0.59782934,-0.44965735,-0.024707276,0.25067973,0.34985697,-0.58496976,-0.23432317,0.9249191,-0.015318513,0.16571641,-0.07892888,0.5018071,-0.42988643,0.3767811,0.2475627,0.14535743,0.11331089,-0.2501132,-0.63385,-0.46516496,0.24625233,0.73465604,0.023178563,-0.91056097,-0.51023835,0.26942265,0.36721557,-0.12846465,-0.5286124,-0.11372101,-0.050134912,0.16411641,-0.08114886,-0.17841727
204,-0.10960974,0.31854326,-0.48302653,-0.6652313,0.113070585,-0.19933873,-0.48147073,0.5832826,-0.054199606,0.2635903,-0.9779906,0.48853403,0.08813101,-0.1172099,-0.71450084,-0.18306865,-0.1633211,-0.6992954,-0.9939512,0.28072226,0.5750538,1.159171,0.46198663,0.86457,0.024557576,0.0159484,-0.99973786,-0.6093979,0.36649102,0.29828107,-0.46074295,-0.17574653,0.23545143,0.8663455,-0.00955262,-0.33320847,0.0550336,0.6072282,-0.16876915,0.0809836,-0.12864725,0.07243702,-0.6638349,0.08456078,-0.15750238,0.41899738,0.51356953,-0.19413489,-0.72697914,0.19951308,0.37735158,0.79704237,0.15011044,-0.8421521,-1.1484523,0.299141,-0.61303514,-0.5532651,0.19309244,0.1743237,-0.41872498,-0.18378863,-0.796608,-0.25874725
217,-0.75547934,0.20773411,-0.87211335,-1.0244675,0.460838,0.09419355,0.16496828,0.2759981,-0.028898,0.0039789975,-0.58409536,-0.06212657,-0.34483355,0.06849595,-0.16605607,-0.9284228,-0.5921148,-0.6102382,-0.82541764,-0.19058615,-0.2246245,0.83056,-0.13977227,1.3529176,-0.18531018,0.3305006,-0.15969332,-0.7044215,0.37375087,0.97904027,0.15964024,-0.33616048,0.19242208,0.62958694,0.70905375,0.014420683,-0.36735454,0.6028655,-0.1792756,0.23408303,0.5446548,0.35607672,-0.11078441,-0.04944262,0.61058307,0.8840997,-0.088583976,-0.26207796,-0.12311098,-0.57400894,-0.069214836,0.88342696,-0.31750488,-0.42832983,-0.78239733,0.7779521,-0.42985398,0.6298175,-0.5796751,0.32334363,-0.102039754,-0.45160037,-0.24352226,-0.15252464
276,-0.5125905,0.45745876,0.21016738,-0.5985968,0.69107,0.40977952,0.23905578,0.26553866,0.085240334,-0.14836758,-0.5440283,0.21856107,-0.6599118,-0.18160291,-0.24178016,-0.36005956,-0.79243207,-0.039733253,-0.9546303,0.05060655,0.28835103,0.6472496,0.23689255,0.72994465,0.39363518,0.63342714,-0.18667789,-0.6811912,0.22636092,0.757455,-0.23812403,0.11416569,0.19361795,0.67826635,0.8977512,0.098333165,-0.2520512,0.77084976,0.42491588,0.08135851,-0.9296441,0.22850999,0.08332735,0.3222991,-0.06462324,0.5231004,-0.07727581,-0.29540998,0.12650448,-0.5219027,-0.48873016,0.13624522,0.24242887,-0.026293457,-1.0247129,0.5113436,-0.044332333,-0.46228814,0.08483376,0.13690965,-0.47783667,-0.23992456,-0.18709311,-0.37207407
277,0.07749491,-0.4045422,-0.38545588,0.06561318,0.2094743,0.30593675,-0.2666111,0.59514916,-0.2624032,-0.1739963,-0.08759084,0.39699572,0.39792144,0.07491991,-0.031155236,0.03197626,-0.7582355,0.08582426,-0.5230106,-0.24273159,0.17785802,0.20269044,0.27387786,0.7118588,0.3179576,0.14692022,0.027993083,-0.44691658,0.087812245,0.2776171,-0.11902672,0.010495752,0.12441033,0.24524811,0.39385015,-0.1639579,-0.3030319,0.9858895,-0.023172155,0.0034806812,-0.07915768,0.065578654,-0.24766922,0.28600046,-0.064585425,0.57777107,-0.3791093,-0.22719742,-0.5363897,-0.23659652,0.018887408,0.7134039,0.15201932,-0.15845792,-0.6139178,0.43398386,0.3824409,-0.037761576,0.1334078,0.014597774,-0.01993896,-0.13915488,-0.2168841,0.071780965
278,-0.54552114,-0.14043957,-0.57102746,-0.008950055,-0.0004530009,0.040752187,-0.020878196,0.0017715245,0.08708084,-0.4540313,-0.16109523,0.28229728,0.1029435,0.006274471,-0.2641854,-0.21467222,-0.45993307,0.050682895,-0.28946596,0.10949449,0.42318532,-0.13929862,0.25591826,0.89627755,0.4374551,0.13068654,-0.021552786,-0.6686565,-0.34326556,0.4345077,-0.28936678,-0.07644623,-0.07751189,0.85525155,0.5103862,-0.62098306,0.15937427,0.6341959,-0.13309343,-0.44477236,-0.32956278,0.123873934,-0.43510836,0.59245765,-0.4343197,0.40040448,-0.010745078,-0.20180042,0.09745622,-0.89256585,-0.13618824,0.5302942,-0.3980599,-0.70403224,-0.53234804,0.42620465,0.21182601,0.121002644,-0.3514657,0.27333897,-0.039524794,-0.06922582,0.030287743,0.14053904
279,-0.4401811,0.12111026,-0.34225464,-0.22511116,0.20099407,-0.13431677,-0.027190782,-0.029973358,-0.04834971,-0.120285004,-0.5166921,0.57954735,-0.15642734,-0.10951047,-0.12754285,-0.53167343,-0.43233305,-0.4574355,-0.19922233,0.4446808,0.05887851,0.64370066,0.6722832,0.15787515,0.05695121,0.3246472,0.053616777,-0.12288918,0.0044168234,1.0139552,-0.21299037,-0.5073029,0.53836864,0.95104164,0.31569606,-0.31939393,-0.16201213,0.5390211,-0.61466795,-0.2948614,0.1535626,0.5946785,-0.27700612,0.10678348,-0.1033694,1.1322289,0.0671054,-0.24904865,-0.36739653,-0.8882555,0.12401499,0.51587343,0.9434042,-0.5342456,-0.68362075,0.8945936,-0.2967999,-0.5204872,-0.36909258,0.19004822,-0.26601735,-0.90969336,0.3118466,0.015495397
280,-0.35683542,-0.3329715,-0.072042674,-0.21582271,0.39368844,0.23745877,-0.18782242,-0.43638265,-0.10127345,-0.1536243,-0.48888084,0.17712536,-0.42324692,0.04343936,-0.3828134,-0.5173847,-0.24274072,-0.22824124,-0.2809447,0.18438971,0.22214915,0.55322826,0.3167243,0.8960879,-0.027492747,0.04983306,-0.5367634,-0.651657,-0.2524777,0.5190948,-0.52817535,-0.18202862,-0.30187216,0.6132997,0.85030544,-0.28511912,-0.1392264,0.24269482,0.012216728,-0.2964353,-0.077274404,-0.41583198,-0.7002945,0.34077066,-0.22473067,0.5213675,0.19014208,-0.43685,-0.31827003,-1.1222057,-0.09221922,0.43036416,-0.22646794,-0.16657874,-0.4862954,0.444214,0.17275384,-0.33569336,-0.5846518,0.07092912,-0.18196683,0.09087027,-0.014813662,-0.00015879422
290,-0.2310605,0.21303734,-0.62134755,-0.5122639,0.4406612,0.4277388,-0.18242761,0.6590894,0.0020214766,-0.5899621,-0.34473208,0.806159,0.76296234,0.18306795,-0.5791256,0.27279162,-0.4975471,-0.09156565,-0.9042566,-0.15376188,0.091148585,0.6202421,-0.2785913,0.91890526,-0.19153306,0.51939327,-0.2538978,-0.5759028,-0.10440841,0.065006554,-0.24946384,-0.08793855,0.572337,0.43608162,0.24550515,0.031885356,0.40866354,0.21882668,0.3597964,-0.0638219,0.28520766,0.94257367,-0.54756176,0.5990604,-0.24673855,0.26797003,-0.40490288,-0.3992952,-0.14582592,-0.5791984,0.59774756,0.8027319,0.022073373,0.31489635,-0.9658194,0.6613011,-0.47385025,0.37007934,-0.6784563,0.4490868,-0.5866873,-0.014787488,-0.31565621,-0.021088421
292,-0.5642155,0.49433312,-1.1429012,0.06829971,0.57342273,0.16789949,-0.36527348,0.051586054,-0.39783764,-0.46109056,-0.5199232,0.5333171,0.48099285,0.1678167,-0.10809216,-0.80499655,-0.8281393,-0.20195849,-0.8107626,-0.32919288,0.69462746,0.5118824,0.39560884,0.92307884,0.06843801,0.17364843,-0.47057676,-0.18278539,0.33682984,0.7886325,0.15940234,-0.16229856,0.67640936,0.72964406,0.26453185,0.120645754,0.06460785,1.1995765,1.0042492,0.2870433,0.024657786,0.3226904,-0.78909856,0.55207753,-0.8922602,0.45925555,-0.47221452,-0.40527552,0.20253846,-0.6950989,0.8702569,0.49829924,-0.100363255,-1.884381,-0.677301,0.8125466,-0.19256394,-0.3117994,0.10543852,0.9531793,-0.6165549,-0.047604755,0.31689742,0.65710443
293,0.052417867,-0.012294635,-0.7176502,-0.48610735,0.39097464,-0.20003173,-0.1858609,0.24741518,-0.07557248,-0.41309258,-0.44258672,0.4277057,-0.09863959,0.17177226,-0.08048257,-0.14441043,-0.47836357,-0.031663783,-0.76727664,-0.25678137,0.5752491,0.3418057,0.5269475,1.0966737,0.13356498,-0.1813003,-0.3565905,-0.310321,0.25595948,0.5027439,-0.41858444,0.20727989,-0.0699487,0.8317096,0.19616058,-0.43755323,0.20791373,0.27615455,0.78166515,-0.17787433,-0.5385953,-0.07859427,-0.15754224,0.013708957,-0.2724123,-0.18995263,0.24768642,0.02165349,-0.4909249,-0.4429959,-0.026105382,0.12916598,-0.121102355,-1.0352201,-0.9997445,0.1331011,0.07396947,0.5801799,0.1917564,0.12613624,0.30913866,-0.33692628,-0.60492086,0.15697894
294,-0.49484017,0.07990691,-0.6771071,-0.006573409,0.8809147,-0.2572809,-0.37724292,0.30393195,-0.015309919,-0.0023522377,-0.33898896,0.5590725,0.0282816,0.23188408,-0.11727356,-0.60321766,-1.0148003,-0.51925814,-0.97232324,-0.0024967492,-0.18133548,0.8281753,0.04085049,1.3060728,0.55061233,0.86807954,0.18417992,-0.2790144,0.1189639,0.6614269,-0.38692945,0.84693325,0.23579995,0.56251466,0.09674798,0.16403566,-1.2851138,0.90053034,0.12329757,-0.28990573,-0.021679252,0.046713933,0.463366,0.26361892,0.28623605,0.9948174,-0.11211687,0.20948562,0.03228271,0.25441334,-0.5402253,0.76894015,-0.3752297,-0.0026891232,-1.0545759,0.37954146,-0.8400914,-0.5874552,-0.5875739,0.07778661,0.090755284,-0.10857867,0.24994087,-0.27366048
295,0.0053088367,0.51927835,0.06523213,0.29165354,0.7791395,0.34333077,-0.32621834,0.13561565,-0.2651969,-0.355382,-0.13369559,0.42717996,-0.32205343,-0.049916852,-0.37792975,-0.44912666,-0.1304875,0.16431707,-0.7733779,0.28449258,0.025685847,0.589526,0.19716549,1.0207981,0.6246148,0.630286,-0.21455146,-0.46499622,-0.080193326,0.17620564,0.06903887,0.3027411,0.48086268,0.23595607,0.2810987,0.21011579,-0.5680379,0.2957769,-0.23698553,-0.20800237,-0.4528784,0.33061808,0.2555745,0.68621224,0.1415735,0.8536468,-0.38322216,0.3336946,-0.25092596,-0.36924273,0.20322977,1.2629616,-0.17476079,0.097036056,-1.0179797,0.3691964,-0.6214613,-0.17826372,-0.64480186,0.2209656,-0.57666785,-0.18265586,0.30190966,0.026421033
296,-0.1757229,0.17503628,-0.5245526,-0.10672782,0.50481325,0.014182806,-0.7012261,0.32688552,-0.34283808,-0.11273095,-0.6966901,0.3471904,-0.18710253,0.2857546,0.04357049,-1.0164998,-0.8652011,-0.30285603,-0.7238467,0.052495256,0.08933011,0.87700313,0.35439724,0.9018454,0.28058267,0.21539025,-0.09437081,-0.5805499,-0.20088813,0.59918076,-0.28898948,0.441761,-0.014672443,0.64575213,0.7187727,-0.5367334,-0.030510038,0.79104036,-0.22532266,0.24740955,0.37352878,0.53562456,0.27747333,0.13179597,0.13758646,0.4789323,0.11985189,-0.12212077,0.057977557,-0.5353431,0.19832155,0.5391372,-0.17697385,-0.5802907,-0.75944704,0.3439917,-0.14600068,0.3199275,-1.0408685,0.15280876,-0.067848265,0.34732646,-0.18398196,-0.41407907
297,0.21602431,-0.33546248,-0.8598949,-0.32466775,0.66922057,-0.09982432,-0.38996413,-0.18205427,-0.13982272,-0.3431219,-0.40774745,-0.2225047,-0.29033387,-0.20317915,-0.24362583,-0.54651093,-0.377279,-0.041362733,-0.90417063,-0.12411469,-0.011063606,0.47290835,0.025891572,1.0624169,0.14615363,0.327731,-0.37112322,-0.9407165,0.62160176,0.40817338,-0.3510498,0.22825736,0.041322283,0.31555295,0.13914219,0.18783788,-0.053756066,0.4280094,-0.35042226,0.2372576,0.1786387,-0.20602944,-0.33572173,0.34107867,0.31301975,0.98989767,-0.15326053,0.13742748,-0.2313596,-0.42708734,-0.34454882,1.1841465,-0.29770255,-0.24776584,-1.0564029,0.40121332,0.23816434,-0.3082837,0.018959552,-0.2872549,0.22854537,-0.06112638,0.036500752,0.13328412
298,-0.47226903,0.4778915,-0.5253358,-0.28301954,0.5047426,0.063077286,-0.66702485,0.13902229,-0.11367846,-0.08355296,-0.28017354,-0.05144856,-0.7455527,-0.2938929,-0.50082016,-0.6652918,-0.67725784,-0.35986695,-0.69818276,-0.30251944,-0.36225086,0.48290282,0.2785092,1.0076575,0.84423244,0.026846029,-0.09325798,-0.6069846,0.49339378,0.27337125,-0.08417609,0.33507937,-0.10095923,0.5625964,0.47704536,-0.2589296,-0.5502571,0.39571625,0.0887235,0.14268169,-0.33991277,-0.37389675,0.12462799,-0.39622843,-0.14482868,0.666916,-0.113835216,-0.4722029,-0.12989049,-0.645121,0.26350084,0.7090963,-0.21593782,-0.35898277,-0.7594194,0.45145828,-0.51250696,-0.017329983,-0.58950233,0.22342622,0.38036388,0.18519115,-0.2763672,-0.6121935
299,0.19290563,0.024467662,-0.2741075,-0.3691821,0.63355553,0.07605324,-0.16659755,0.19330883,0.22284421,-0.27237648,-0.23701885,0.6391698,0.08625078,0.50195575,-0.62613857,0.005581215,-0.8743113,-0.35503778,-1.2954574,0.3650042,0.045359343,0.85390484,-0.37479097,0.7906023,0.20307687,-0.6209662,0.013187781,-0.11441158,0.10033175,0.24193561,-0.4662779,0.551657,-0.25117475,0.37139255,-0.025725547,0.20517264,-0.01621113,0.8403809,0.63322747,0.21409324,0.9693242,0.62290984,-0.4821573,0.6688144,0.56004053,0.12356868,-0.0827893,0.20173833,-0.51926833,-0.08633926,-0.059541166,0.60405254,-0.2994662,-0.68211627,-0.7130474,0.5605444,-0.57326484,0.25122648,-0.5309334,0.5037278,-0.039039493,0.7174632,0.039590925,-0.18999192
301,0.26127,-0.43885836,-0.67364883,-0.47554147,0.7030473,0.30868182,-0.50984263,0.43941915,-0.012304872,-0.16954738,-0.8887095,0.9160549,0.0015771389,0.0016775876,-0.41592,0.013038591,-0.29610378,-0.11523038,-0.74070865,0.2090089,-0.31914517,1.2540498,-0.30872482,1.0041403,-0.21503735,0.5404451,0.15518427,-0.7486203,0.24544612,0.034951895,-0.07582598,0.047016203,-0.11163008,0.52476835,0.14671347,0.12712024,-0.09986847,0.67285466,-0.3227664,0.31322432,0.8374168,0.43577302,0.10711165,0.8010967,0.63225126,-0.021637738,-0.184227,-0.14185059,-0.28250337,-0.24202314,0.015953146,0.8711388,-0.24095887,0.031591207,-1.1012508,0.35306576,-0.15355948,0.28268695,-0.49797606,-0.14510076,-0.27705738,-0.22009102,0.08158973,0.3528542
303,-0.76028144,0.4085179,-0.8856209,-0.20807847,0.34861237,0.025898531,-0.13570878,0.36561483,-0.16398887,0.11367121,-0.6862442,0.4910614,-0.124716334,0.15006766,-0.29493442,-0.58001167,-0.48577118,0.1430966,-0.20550665,0.03638956,-0.016268253,0.7576194,0.5178279,0.5317518,-0.42288196,0.16075921,-0.077851266,-0.58739716,-0.11360788,1.2689607,-0.399684,0.120706886,0.31047934,0.29539314,0.40535548,-0.16810611,0.11001649,0.291793,-0.104280725,0.17062308,0.4574296,0.11802904,-0.28138584,-0.39404416,0.26332366,0.98362374,0.08201372,-0.53813684,-0.19497946,-0.58289075,0.60535,0.4592719,-0.15497121,0.09732157,-0.6761109,0.71426666,0.048169687,-0.33939815,-0.4261775,0.27502063,-0.024909977,0.12857518,-0.2733335,0.12673524
307,-0.098712236,-0.024350539,-0.8977872,-0.0371048,0.45713773,-0.106763735,-0.41888842,0.36241886,-0.117841035,0.524097,-0.057522766,0.40892267,-0.16473511,-0.13814892,-0.5397575,-0.057750344,-0.53776467,-0.17308593,-0.5687268,-0.024008915,0.2509836,0.3133505,0.21150379,1.3401146,0.22290188,-0.38635826,-0.88445795,-0.008264974,-0.17552233,0.2646153,0.09668544,-0.7478607,0.18710814,0.5286784,0.3576694,-0.07832318,-0.290342,0.7518387,0.117398165,-0.26914024,-0.21511877,0.1871095,-0.5990285,0.34896946,0.2025755,0.83653945,-0.055170402,-0.66526604,-0.09339002,-0.38267002,0.1128889,1.2891693,0.10025206,-0.7797639,-0.319464,0.37367225,0.23431139,-0.6859036,-0.6886126,0.83073246,-0.4258837,-0.16889663,-0.06694192,0.5540988
308,-0.34906155,0.4390347,-0.2858199,-0.27835566,0.22764201,0.02048871,0.101840995,0.33608648,0.07180542,0.2849114,-0.6343377,0.19831479,-0.116009064,-0.23023745,0.109972954,-0.7144243,-0.17596596,-0.21531023,-0.6168252,0.4970666,-0.32787043,0.51525855,0.24348405,1.8817575,0.6546266,-0.18998489,0.29780978,-0.84480965,0.3573657,0.14100799,-0.4163422,0.19654272,-0.13150129,1.0040518,0.4805124,-0.030183017,-0.5448356,0.78882265,0.13916326,-0.59749824,0.18438636,-0.078067064,0.19101417,0.4716792,0.69518226,0.7733691,0.003945723,0.10274287,-0.40743163,-0.58865094,-0.07326253,0.4276242,-0.13673973,-0.5416328,-1.1716707,0.46423626,0.31272,-0.29373744,-0.081987195,-0.055528596,0.13967037,-0.99119246,-0.23443347,0.26417857
309,-0.07130416,0.079962924,-0.4477078,-0.36728638,0.4579737,0.1526719,-0.3486996,-0.085535765,-0.18607962,-0.23506413,-0.28770548,0.44544157,-0.3522711,0.05510153,-0.0060884207,-0.33851853,-0.7739892,0.036315966,-0.753307,-0.44101626,0.5101029,0.26602417,0.19703987,1.2226971,0.24945188,-0.044598527,-0.64169574,-0.69507766,0.20853749,0.40985468,0.15156668,-0.05539543,-0.1288308,0.53370965,0.2108399,0.10796334,-0.007429123,0.7904345,0.18385261,-0.08260225,-0.073681414,0.104475826,-0.1782221,-0.05081149,-0.16949584,0.34550682,-0.32442474,-0.26831186,-0.28942215,-0.4284406,0.15000731,0.3340457,-0.16258211,-0.9191934,-0.6033256,0.6401453,-0.20833603,0.20215437,-0.28552186,0.5363827,-0.1995486,-0.12052569,-0.26656172,0.013656557
310,-0.5432706,-0.12852028,-1.0013462,-0.43910924,0.78217727,-0.35085458,-0.17579585,0.25290805,-0.24840197,-0.5441869,-0.76217127,0.25119084,0.05664377,0.22673337,-0.5404761,-0.46907696,-1.0463125,0.075163886,-0.7161871,0.03072688,0.21796559,0.8759585,-0.55315655,1.1429855,-0.06973383,0.29570836,-0.17892817,-0.27410185,-0.01185739,0.52623487,0.044896945,0.09705585,0.15104824,0.6042824,0.68521696,-0.24422657,-0.37861502,0.14412028,0.44319275,-0.40632394,0.08545068,-0.08510858,-0.43828186,0.5408524,0.28548172,0.36106506,0.5076412,0.39515078,0.016653761,-0.014740758,-0.4632216,1.0723093,-0.44882908,-0.4203862,-0.99758923,-0.29872817,-0.31938213,0.50962925,-0.4756204,-0.16517518,0.2624144,0.15781265,0.05895883,0.07630641
311,-0.21297424,0.19792211,-0.38091144,-0.06761494,0.5837592,-0.100497104,-0.013204828,-0.13592942,0.17097566,-0.15097496,-0.54575455,0.43544382,-0.68113667,-0.019845068,-0.12007705,-0.4485516,-0.031314105,-0.2614376,-0.98410225,-0.34867823,0.61983824,0.5338736,0.45465285,0.51153594,0.3593854,-0.0929134,-0.22043642,-0.5217692,0.255892,-0.08408184,-0.25152296,-0.07423873,-0.15251823,0.6564858,0.33169955,-0.4035675,0.0039955787,0.30698356,-0.0040215775,-0.09473277,-0.66909754,0.06285575,-0.5445208,0.33170682,-0.015534902,0.3002744,-0.2198329,0.038282044,-0.1806783,-0.46097815,-0.10230625,0.35077003,0.19180483,-0.22260346,-0.91336334,0.052220687,-0.03892027,-0.07189399,0.19330391,-0.004933674,-0.571094,-0.5712013,-0.44876814,0.113491945
312,0.6404988,0.43824878,-0.10511167,-0.09533176,0.32530642,0.044053525,-0.3609602,0.18929258,-0.27623156,0.0046184957,-0.5836843,0.51759714,-0.6695353,-0.37831897,-0.40015498,-1.2874804,-0.35177037,-0.5426983,-0.86587065,-0.56896734,0.37689748,1.4397663,0.34036982,0.05850467,0.44487834,-0.13962597,-0.22687471,-0.2037231,0.27773315,0.3264648,-0.6364986,0.004566416,0.30764514,-0.015851676,0.2220188,0.109180704,0.18341267,0.71493983,-0.30594778,-0.4144459,0.13853645,0.7365986,-0.47510767,-0.21819955,0.037382275,0.46026736,0.01779078,-0.0072245225,-0.6435346,-0.7195639,0.014423236,0.4058829,0.4185691,-0.76152205,-1.1804549,0.052199602,0.097498655,-0.37260664,-0.14594689,-0.23963572,-0.30370003,0.39996916,-0.2943425,-0.10194831
314,0.29362917,0.08956098,-0.3465016,-0.18835874,0.38077635,-0.03053157,-0.08330221,0.107703194,-0.13794851,-0.5713029,-0.3034576,0.5474562,-0.2843904,0.050012648,0.18919396,-0.20163253,-0.905962,-0.32508057,-0.7865768,0.23443633,0.43380207,0.84068036,0.2634951,0.41317987,0.42749974,0.069338664,-0.10644621,-0.6979655,0.25146383,0.16806313,-0.58832717,0.6764102,-0.52695096,-0.07121062,0.36433023,0.19302617,-0.45125195,0.27522838,-0.17316057,0.20982558,0.2731614,0.17104155,-0.11440116,0.626019,0.33888033,0.35556298,-0.21860594,-0.2427302,-0.86890966,-0.85871553,-0.17643712,0.6776169,-0.22585505,-0.03266719,-1.1510484,0.12835194,0.46817186,-0.90278864,-0.30147573,-0.15145004,-0.32359648,-0.07554808,-0.03121072,-0.19754572
317,-0.26523775,0.56082565,-1.0134637,-0.38697818,0.5864314,-0.23762833,-0.2845695,-0.22929715,0.057834655,-0.3767473,-1.0591369,0.20718625,-0.35989967,-0.48678994,-0.44040316,-0.84106076,-0.51502025,-0.25220168,-1.1703283,0.71876156,-0.1165759,0.55042976,-0.064383715,1.3116807,0.2593069,0.15865248,-0.21407683,-1.0002214,0.29460305,0.6422904,-0.5523144,0.30865163,0.8628027,0.9134478,0.28386796,0.1057249,-0.12582147,0.25692424,0.06249956,-0.15083483,-0.32498252,0.8045578,0.22570944,0.057678014,0.24451941,0.5924842,0.5973262,-0.059964597,0.36923134,-0.4584396,-0.30282578,0.85942656,0.07830641,-0.39326626,-0.86050624,0.11335389,-0.22645028,0.10818062,-0.17896561,0.33664146,0.066743135,-0.2597223,-0.13746661,-0.0809789
322,0.30806375,0.19137868,-0.5965995,-0.17358522,0.28413954,-0.45018122,-0.41391572,0.3246045,-0.31717032,-0.29965794,-0.3471681,0.60880476,0.4527704,-0.13525599,-0.67517984,-0.4446365,-0.5113853,-0.5803612,-0.79278934,-0.37611747,0.15769818,0.8566336,0.3443619,0.56589556,0.11640662,-0.4055814,-0.235098,-0.14426583,0.30751455,0.42956573,-0.32139066,0.14303115,0.65386117,0.46522304,0.21608642,-0.19970387,-0.13214403,0.8451456,0.20572993,-0.25888428,-0.23279071,0.2870188,-0.6238833,-0.3940888,0.3406786,0.3896669,0.08880846,0.26848036,-0.17145678,-0.3284022,0.19470233,1.1167899,-0.5023885,-0.4754803,-0.7715066,-0.041726112,-0.07098211,-0.44023284,-0.29193422,0.10966015,0.10499212,0.31126034,-0.40405488,-0.52121806
323,0.032467283,-0.061327524,0.39653075,-0.44731373,0.837404,0.4919748,-0.06681646,-0.022804454,-0.4821094,0.28416815,-0.61242074,0.38313845,-0.422953,0.07274729,-0.16179398,-0.27195716,-0.6523356,-0.124868594,-0.2938023,0.41384035,-0.058694124,1.1794139,0.01073011,0.45498526,-0.08643587,0.5014001,-0.19881456,0.012173846,-0.46612358,0.7474021,-0.2181427,-0.29412347,0.0010777563,0.58988935,-0.030517086,-0.24900253,0.010550067,-0.15705575,-0.041528463,0.01105459,-0.1714597,0.12159717,-0.18845178,0.936571,0.27028772,0.41779453,0.28126937,0.2341859,-0.31382605,-0.3198271,-0.20347013,0.7211601,0.2910333,-0.117844,-1.269025,-0.5940467,0.1979185,-0.40698445,0.25071874,-0.044142947,-0.08276853,-0.21563786,-0.14529097,-0.24925402
324,0.69132715,0.10806688,-1.0943944,0.13855073,0.48049703,0.17542535,-0.27354664,0.4231853,-0.007010624,-0.15397839,-0.008982211,0.31016588,0.3699437,0.119970135,-0.24338104,0.16130693,-0.63764346,-0.20944586,-0.77651954,-0.13687146,-0.19971964,0.6056454,-0.109778255,0.58009917,0.16120143,0.27975935,-0.30150554,-0.778497,0.4599111,-0.013490185,-0.0002347827,0.23339114,0.08527289,0.36098993,0.6376053,0.10183243,0.0158054,0.11130004,0.15867507,0.2567252,-0.48768896,0.26108462,-0.18624753,0.59811044,0.38656577,0.40452278,-0.3015755,-0.13696867,-0.29515556,-0.67485994,0.5448062,0.9457293,-0.28629035,-0.29158902,-0.51843923,0.13867374,0.10053814,-0.27763247,-0.61798084,0.28421417,-0.59873194,0.22226343,-0.14333887,0.023208424
325,0.07743403,-0.3845883,-0.27328008,-0.2883217,0.20779312,-0.17712352,-0.38360223,0.557621,-0.07451255,-0.39088908,-0.6775228,0.19023573,-0.11855663,0.4613815,-0.44727212,0.06933174,-0.7934262,-0.31586102,-0.9522854,0.45579618,0.07866061,0.43572396,-0.27590126,1.3156209,-0.06057784,0.22023813,-0.24075639,-0.47923037,0.28150243,0.29582095,-0.09210935,0.1300308,0.15631577,0.4878639,0.16268964,0.61488175,-0.4716641,0.35133457,0.3829512,0.0603832,0.10005888,0.09384172,-0.22735187,0.57459706,-0.03866271,0.21688801,0.30992395,-0.40491363,-0.6624924,-0.2716589,-0.1436907,0.79575956,-0.24200368,-0.48677653,-0.34209877,0.23821624,-0.80628777,-0.17373803,-0.49032304,0.31662834,0.37438422,-0.035885952,0.08564809,0.13112369
331,-0.8222196,0.23448047,-0.8787793,-0.041664362,0.33884603,0.7526413,-0.55750334,0.30194443,0.5642414,-0.06825051,-0.07144183,1.1622064,-0.30227804,-0.16612116,0.26401472,-0.1169979,-0.39445236,0.6061765,-0.48997584,0.17624338,0.7752832,0.67428446,0.7382785,1.2181818,-0.056381717,0.54919606,-0.55170226,-0.95730984,0.44856173,0.24322912,-0.712646,0.45581007,0.0830217,0.6981798,0.39502093,0.1861983,-0.5337506,1.3341789,0.25932747,-0.8698857,-0.42997894,0.20141518,0.10928777,-0.09396579,0.15449801,0.066987514,0.57038116,-0.35387257,-0.53576016,-0.47518712,0.5908311,0.23161529,-0.012818724,-0.89915264,-0.7653854,0.20835035,-0.11850943,-0.596192,0.14252393,0.45223102,-0.55061275,0.14502236,-0.39452666,0.7430098
333,0.47904345,-0.12543869,-0.6410128,0.12100877,0.3987875,-0.064860255,-0.48837572,0.2953081,-0.058906347,-0.4647358,0.22950697,0.44089594,-0.030666284,0.09336668,0.15088944,-0.5930604,-0.6505579,-0.014903743,-0.7876961,-0.30458868,0.5417903,0.7047556,0.28666285,0.613948,0.28718203,0.38978672,0.005038917,-0.32980222,0.27830395,0.0048841387,-0.2999593,-0.27141246,0.047268733,0.86888033,0.76918495,-0.09312783,-0.19808745,0.71511424,0.4617624,0.16271037,0.01534462,0.613786,-0.16353208,0.51052064,0.11890666,0.28104278,-0.2173649,0.28428912,-0.15782051,-0.84297824,0.026273452,0.339672,-0.14730787,-1.3118029,-1.1352766,0.51247525,0.5568497,0.05428738,0.16996911,-0.082410134,-0.1858727,-0.5734563,0.029263407,-0.19935262
334,-0.5457657,-0.017898083,-0.22973084,-0.14768279,0.35965735,-0.46780545,-0.04751925,-0.034114957,0.599479,0.16307727,-1.0285754,0.49596414,-0.8675349,0.07741618,-0.50003046,-0.5829004,-0.4965975,-0.45860848,-1.060753,0.71193236,0.6198651,0.9241259,0.52438664,0.9601191,-0.36800823,-0.53331816,-0.8746196,-0.8215636,0.044615954,0.1326874,-0.7406925,-0.5977426,0.09915292,1.2125895,0.5583,-0.2543071,-0.41799808,0.09889071,0.029299468,-0.5275395,0.17519683,0.29283082,-0.6168976,0.62240434,0.599185,-0.0057783425,0.45032892,-0.560282,-0.18843865,-0.86412334,-0.44675028,0.7718785,0.4256464,-0.7589086,-0.7398176,-0.30470252,0.402769,-0.6472213,0.23105201,0.082051605,-0.25391427,-0.06395072,-0.64733374,0.0129030645
340,-0.19231284,-0.064848326,-0.57812124,-0.4461009,0.15301418,0.23436835,-0.38522783,0.5833181,0.16935068,-0.6863823,-1.0162215,0.4846294,-0.48645446,-0.2488719,-0.36935312,-0.24436486,-0.8049481,0.5026805,-1.0043509,-0.2214155,0.61741674,1.2620488,0.5555174,1.0708952,0.10504025,0.5349057,-0.06272281,0.017311752,0.33454633,0.37106293,-0.6920184,-0.023323983,0.3902294,0.42708218,0.31992835,0.1553244,-0.2533527,0.93715084,-0.21096298,-0.30789304,0.35285673,0.42164832,-0.1302498,0.39659697,0.7181508,0.66110325,-0.530644,-0.28627568,-0.23692459,-1.0729803,0.18172407,0.6205541,-0.42660776,0.16913086,-1.142524,-0.1082717,0.092712194,-0.4828471,-0.11409328,0.43776464,0.42173484,0.014589459,-0.19478881,-0.27005997
343,-0.33390114,0.07725588,-0.7111385,0.030824095,1.133822,0.26336986,-0.90945625,0.123046756,-0.1220121,-0.025592297,-0.45447806,0.46187302,-0.4793946,0.36437464,-0.43139,-0.93283606,-0.11387256,-0.29324198,-0.54018325,-0.26907715,0.1735095,0.9944253,0.81808835,1.0332344,0.46488404,0.52424145,-0.21402371,-0.58284926,0.1976375,0.11464085,0.12314765,-0.008938581,-0.3502379,0.28277844,0.079273,-0.099036306,-0.39118606,0.7474397,-0.09428364,-0.04243277,0.7138054,-0.45978263,-0.21095116,0.31267792,0.17575604,0.381415,-0.35024607,-0.35019237,-0.38455325,-0.47190556,0.6861004,0.7584783,-0.05978793,0.080040164,-1.3653361,0.5325073,-0.038996197,-0.25989854,-0.36041576,0.59034675,-0.083631635,-0.5589284,-0.062023632,-0.2362879
346,-0.044973336,-0.109372176,-0.07629207,-0.41955534,0.68126225,-0.35479623,-0.2343431,0.16730036,0.24871151,0.013386574,-0.15305158,0.6127124,0.035251975,-0.057712585,0.0721946,-0.2940552,-0.7022171,-0.21874443,-1.0830469,-0.48582286,-0.14349021,-0.02823171,0.5328852,0.72652644,0.24345534,0.22700875,-0.6818397,-0.6100012,-0.08110896,0.4512564,-0.2096439,0.6091266,0.13375153,0.6883926,0.62375945,-0.48490408,-0.2579944,1.0220151,0.10757515,-0.47885895,-0.20863101,-0.011194438,-0.081139,-0.26908052,-0.011249125,0.21989882,0.5630353,0.06781562,-0.6048869,-0.47062334,-0.39821756,0.4360528,-0.3864137,0.3025099,-1.0009073,0.3450986,-0.11347093,-0.36609465,-0.50086236,0.25679022,0.13104087,-0.30624956,-0.420869,-0.12067752
348,0.1131281,0.10543367,-0.60122025,-0.651419,-0.009317121,0.5210176,-0.012442134,0.22068402,-0.42754832,-0.11230278,-0.84307575,0.42568153,0.020695835,-0.08529387,-0.15208718,0.08303629,-0.76882774,-0.44917822,-1.1449529,0.6652434,-0.19807714,0.72054714,-0.1514248,1.1019739,0.004265949,-0.15277475,-0.6097506,-0.69412714,-0.10770565,0.72231555,-0.2680543,0.28181374,0.33948407,0.98183185,0.3024779,0.16870135,0.0818881,0.43554524,0.4209529,-0.43959558,-0.22179657,0.82676655,-0.22991541,1.0099609,0.34417105,0.21288256,-0.044428617,0.38285524,0.023514869,-0.21656282,-0.46443775,0.9126185,-0.039778434,-0.77928305,-0.4680894,-0.14904931,-0.25195372,-0.10632411,-0.7050576,0.13294119,-0.024755359,0.43106878,-0.033644974,-0.3370461
350,0.035140447,0.148781,0.15973076,0.02146779,0.4060418,-0.1446311,0.036696516,0.0072368532,-0.40082246,-0.71977586,-0.76039124,0.67507136,-0.15743384,-0.057719916,-0.71579236,-0.5710776,-1.0579011,-0.29191393,-0.8708012,0.23959948,0.44967288,0.8473935,-0.17450681,1.040309,0.42956585,0.1767802,-0.35191223,-0.4332966,0.15960841,0.31703252,-0.47539386,0.2810552,0.042824373,0.42528132,0.50023174,0.23904485,0.3296674,0.902362,0.29907888,0.24634397,-0.15285453,0.44293642,-0.5548979,0.9298343,0.07555334,0.21381935,0.33367556,-0.16906449,-0.05859092,-0.4547068,-0.44480118,0.5938339,-0.179109,-0.53399235,-1.2507424,0.0041954815,-0.31516668,-0.11545864,-0.34206492,0.31573159,-0.5249109,0.34483537,-0.23540497,-0.14100097
356,0.023049653,0.13672766,-0.7644576,-0.24127394,0.40865865,-0.38813624,-0.5010428,0.7388643,-0.1565504,-0.7365814,-0.33866847,0.7477844,0.51398945,0.021664597,-0.36352718,-0.14706063,-0.95925623,0.3045421,-0.73272216,0.12580094,-0.28346825,0.64669347,0.09275812,1.6674336,0.25955102,-0.08869097,-0.37235242,-0.6711665,0.03256273,0.8505437,-0.31831723,-0.48697707,0.40567482,0.23775701,0.289735,0.24043697,0.23981753,0.9580089,0.78423643,0.04826364,0.13868332,0.9551249,-0.24123833,-0.2615563,0.18346821,-0.20403203,0.14902744,-0.22655582,0.033769608,-0.101559594,0.34598348,0.7196695,0.082132876,-1.0081484,-0.37706232,0.61680764,-0.23533276,0.7161883,0.16143885,0.5433172,0.2807696,0.24969423,-0.35322356,0.56226933
362,-0.509151,0.018896423,-0.93136936,-0.089395165,0.52786803,-0.14824648,0.08650265,0.038995087,-0.14756697,-0.18698558,-0.46690476,0.7516675,0.14588672,0.04165034,-0.04731588,0.15023586,-0.72928256,-0.1337646,-0.6471472,0.14218625,0.29026407,0.55247325,0.29872122,1.1377931,-0.4433766,0.14945352,-0.7426094,-0.6178285,0.24200624,0.69611204,-0.40368798,0.087824464,0.20849524,0.60295385,0.09769496,-0.078104004,-0.46196005,0.2970191,0.055544756,-0.5930611,-0.1094591,0.53429943,-0.1823994,0.011045203,0.21240145,0.4930109,0.30329275,0.19301018,-0.0013494492,-0.40745038,-0.42172405,1.1781131,0.5740296,-0.69237804,-0.5835308,0.5038296,-0.40525323,0.490727,-0.4806719,0.55372405,-0.09816202,-0.1379213,0.060755074,0.19737494
365,0.9006978,-0.09299219,0.3913883,0.22472933,0.40518412,0.28791702,-0.13749228,-0.02316904,-0.2084238,-0.18893695,-0.4378312,1.1732,0.07092804,-0.04785393,-0.22633158,-0.61028385,-0.20944142,-0.3252355,-1.6585314,-0.18720531,0.38515592,0.3323639,0.30062366,1.1795449,-0.20692249,-0.39096498,-0.58070517,0.45441607,-0.8860847,0.24042876,-0.083378285,-0.34207112,-0.2418912,0.98876,0.32481712,0.13383967,0.31145364,1.1296885,0.29676276,-0.056688994,0.13058206,1.1392801,-1.0950177,-0.49589592,0.08250189,-0.06708932,-0.4055631,-0.16488361,-0.62619305,-0.5791459,0.076577485,0.05508147,0.81701666,-1.6178448,-2.0039892,0.48694313,-0.8872255,0.4937352,-0.5338894,1.01367,-0.87249595,0.37462783,0.0051131397,0.770365
368,0.055294365,-0.05157253,-0.06825003,-0.44707438,0.602555,-0.083825134,-0.52272034,0.04337673,-0.021314539,-0.19336429,-0.7154453,0.36225533,-0.099388346,-0.15832141,-0.5990757,-0.8342316,-0.114470616,-0.17450687,-0.19550072,0.34733325,-0.18686116,0.70668757,0.14585856,0.8737264,0.44616163,0.43207484,0.21294926,-0.5375705,0.307373,-0.06846917,-0.4720374,-0.19849953,0.022237927,0.32771695,-0.08131747,0.25615907,0.20354655,0.5230141,-0.58757603,-0.17557296,0.44197994,-0.15532878,-0.6260941,0.331456,0.4903866,0.7341527,0.26946753,0.2270941,-1.0742108,-0.18017757,0.07498571,0.26436123,-0.10752742,-0.3745139,-1.2620124,0.3746624,-0.41065985,-0.32997966,-0.27776647,-0.0068836585,0.069138765,-0.25905496,-0.3001926,0.14759101
371,-0.07519231,-0.012593612,-0.5809193,-0.2307891,0.85804594,0.103481084,-0.15924254,-0.21531147,0.79179645,-0.5751456,0.15820956,0.83848673,-0.23716879,0.11558444,-0.30394262,-0.0633681,-0.4516785,-0.25185788,-1.0656723,0.11838578,-0.21326189,0.66067773,-0.34570754,1.319036,0.52463067,0.073639214,-0.7228303,-0.39264277,-0.0044841766,0.15475355,-0.28687698,0.19975513,0.57162154,0.27041292,-0.33533025,0.09524128,-0.60059404,0.45431027,0.20784312,-0.39283282,-0.41042578,0.57957006,-0.088536814,0.311961,0.13106278,-0.20295146,0.016269699,-0.042860337,-0.35817093,-0.5330371,-0.466053,1.0442119,-0.19335666,0.033943374,-0.9478652,0.5548855,-0.2231555,0.56618166,-0.4674395,0.09619022,-0.533558,-0.42691982,0.049893737,0.23857
378,0.4578238,-0.36723536,0.05091226,-0.42557922,0.45359284,0.6563995,-0.47797337,-0.19546103,-0.24449384,-0.11536074,-0.2714162,0.3642617,-0.36195734,-0.23276058,-0.28697735,-0.616884,-0.5939702,-0.03110081,-1.1340342,-0.07245532,-0.023529679,0.44298583,0.21812521,1.507433,0.5603877,0.30676228,0.35618883,-0.6081916,0.035626143,-0.24251623,-0.26224402,0.36946285,0.015906528,0.3420071,0.44311535,-0.22912246,-0.35540795,1.2291579,0.21903461,-0.8016299,0.46917444,-0.073771134,-0.1813358,0.3528354,0.8709486,0.31053004,-0.14532205,-0.013116777,-0.6728853,-0.52933615,0.24336687,0.85476476,-1.0215371,-0.46663323,-1.3508685,0.3522976,0.12479466,0.24700119,-0.18705523,0.17502883,0.38605937,0.1105347,-0.22377075,-0.7233949
